0.8370726314,0.09800145903,0.01179108141,0.01455892287,0.0120326624,0.01268517667,0.0138580466
0.3992698941,0.01781955905,0.01476157265,0.007925331888,0.5295682834,0.01649829219,0.01415709276
0.8596240066,0.07905203858,0.01141840231,0.01123499257,0.01254556633,0.01242395888,0.01370107879
0.2288128055,0.03013467709,0.02824975236,0.03041005084,0.6210330669,0.03384386486,0.02751576279
0.6943799885,0.04467341701,0.02092610892,0.03870085517,0.1721339577,0.01671888243,0.01246676296
0.7490286118,0.1531137251,0.01399239174,0.02529185029,0.006516276755,0.03001749182,0.02203965132
0.362509909,0.506101836,0.0164539934,0.05188428012,0.01602303723,0.02451701824,0.02250993725
0.8181172459,0.05397430139,0.007271360809,0.01016842417,0.01708310786,0.01137309087,0.08201248448
0.3256479452,0.5783774497,0.01371985227,0.01268882566,0.03511098253,0.01561793278,0.01883701209
0.7556444737,0.05965290916,0.03385064629,0.03804245128,0.06116181835,0.04131695971,0.01033073212
0.6153282621,0.2951178814,0.01722756965,0.02362562711,0.02485604278,0.008904142735,0.01494040615
0.6001092774,0.2561457142,0.01789448631,0.07201405439,0.02347816449,0.01256276996,0.01779549956
0.466927782,0.2625972466,0.01380195201,0.07778371563,0.1274784047,0.01926934573,0.03214155674
0.868469896,0.07100319201,0.007926174469,0.01213040199,0.01786157011,0.01275426485,0.009854536151
0.1977985464,0.7198898644,0.01539564636,0.01944617449,0.01016457057,0.0188325177,0.01847270948
0.6089750394,0.01239128858,0.2354634579,0.0214854647,0.02446956665,0.05115917526,0.04605597364
0.8841414963,0.02691383541,0.005774615558,0.02489737981,0.03113480141,0.01564811027,0.01148977295
0.9416288779,0.01273242911,0.008303106954,0.01606398214,0.004435597126,0.008270949122,0.008565028428
0.4271460287,0.4850342565,0.01645252677,0.01498058188,0.0126070923,0.02027792405,0.02350160091
0.05545592336,0.5591927725,0.2903648185,0.02566525005,0.03982412748,0.01363222986,0.01586487015
0.9100559721,0.03155864289,0.01231067755,0.01104465244,0.006916603559,0.01465497495,0.01345849323
0.6843927515,0.239445036,0.01640698947,0.02089124072,0.009101061707,0.01729187459,0.01247102614
0.2365245725,0.6777335837,0.01290869508,0.01861348196,0.01609607843,0.0208479586,0.01727559802
0.2939872735,0.03238346687,0.01691975848,0.4758982968,0.1346073781,0.01994837169,0.02625550479
0.9390508117,0.009792575452,0.007120689892,0.01004782108,0.01390008548,0.01125061263,0.008837395418
0.8400338401,0.0584175532,0.009026868837,0.04168254206,0.01685490649,0.01749664728,0.01648762411
0.5360619842,0.3620537386,0.01058776146,0.04142444351,0.01410021387,0.01695749288,0.01881435625
0.3962252648,0.5216797956,0.02166210009,0.0161369605,0.01540959155,0.01228149899,0.01660477193
0.3537903141,0.5485751446,0.01105411823,0.04034638309,0.01987475331,0.01466387145,0.0116954618
0.3348368847,0.5713408876,0.01861925423,0.01544331521,0.01447662913,0.02230454613,0.02297845159
0.2166254755,0.06121886117,0.1293949266,0.02915777886,0.02877825689,0.01260065336,0.5222240923
0.9004368041,0.01914763171,0.01941781638,0.02662358729,0.01499817024,0.009654945317,0.009721053442
0.2130165502,0.6311672424,0.0119038986,0.03134514642,0.07445558558,0.0150177002,0.02309385289
0.3596529782,0.3979543672,0.01596034733,0.01810629655,0.1654050688,0.01903106271,0.02388985501
0.8506192526,0.01071339817,0.008392867211,0.07010220967,0.02839346038,0.0198024944,0.01197626652
0.8260159839,0.09886810708,0.02352876868,0.01052890353,0.00911074683,0.02137261272,0.01057486783
0.5714702479,0.03303089831,0.0166529019,0.1337520267,0.1991159248,0.01948044701,0.0264975684
0.8319639126,0.1059440386,0.01247616781,0.009025785606,0.01880927166,0.01033555941,0.01144522529
0.931708885,0.02455342882,0.009035228515,0.00897122108,0.009808006968,0.007559458887,0.008363837305
0.5549121418,0.04584318111,0.01036605813,0.02894132299,0.3224669553,0.02045005736,0.01702032664
0.3568929796,0.2750249112,0.01454996613,0.03066905108,0.2826280667,0.02286656322,0.01736850076
0.7457739658,0.1560436885,0.01629522094,0.01879454891,0.02886703727,0.01472945063,0.01949609591
0.4465277453,0.463463743,0.01947019582,0.01557597893,0.01544676895,0.02053260995,0.01898295362
0.8697603223,0.04606936551,0.007763364897,0.03145084097,0.007842391027,0.02600520073,0.01110849548
0.2632051733,0.5061744724,0.06870221626,0.01403984809,0.09370784321,0.03564275418,0.01852767586
0.6586211455,0.0773465263,0.05820298356,0.09741536994,0.04271624133,0.04769514812,0.01800256399
0.8686872889,0.04621181174,0.01028519956,0.0140190745,0.02753442361,0.01505845199,0.01820369231
0.3160161174,0.5654270258,0.0254559486,0.01880627819,0.01433184319,0.04049249688,0.01947028577
0.2589612805,0.4995774538,0.02502954214,0.1261471829,0.02122791847,0.0454208733,0.02363578148
0.8042718911,0.03160192437,0.01062272212,0.03557475675,0.08302934906,0.018203938,0.01669537492
0.7133118722,0.01741846872,0.03662131424,0.1856556797,0.0237346914,0.01258871332,0.0106692942
0.42205928,0.290353257,0.01241156184,0.01725591992,0.2102134127,0.01224929745,0.03545724828
0.8915355053,0.05225366895,0.009409620801,0.007140021602,0.01319500058,0.01388421036,0.01258199161
0.766183503,0.07130099649,0.01000414446,0.008173201276,0.1161541561,0.0149570153,0.0132269629
0.8317257685,0.08820505645,0.007191702115,0.01532991697,0.0116878898,0.03426842207,0.01159124743
0.09169898586,0.4195348018,0.02546330546,0.02245616504,0.3836621846,0.03923686285,0.01794767081
0.324359365,0.1985077308,0.02063847707,0.02716994672,0.379289086,0.02268878893,0.02734661816
0.9161264671,0.003850868681,0.03652638381,0.009300471873,0.01591094891,0.008458454872,0.009826422115
0.9146056356,0.036013218,0.01029111484,0.009377955739,0.01181602233,0.007516952164,0.01037911177
0.8779476419,0.03530712872,0.03531357358,0.01104145888,0.006604601166,0.020486529,0.01329907171
0.04141640529,0.5971398288,0.258903671,0.01467161522,0.02081128511,0.05376473261,0.01329245837
0.8712416596,0.05728065829,0.003666270364,0.03065513102,0.01423025927,0.01195745868,0.01096859301
0.5871430931,0.03245068334,0.03932118111,0.1179488025,0.1799501734,0.02870553161,0.01448053878
0.7733375677,0.01747623304,0.007227823183,0.01806833645,0.1528946537,0.01410294917,0.01689246822
0.8358781132,0.02298424233,0.03524117199,0.01173949449,0.05076277004,0.0332468941,0.01014725812
0.7695391824,0.1456044848,0.02792378525,0.01010031831,0.0148387261,0.01893149241,0.0130619884
0.4407102926,0.4813584291,0.01403129869,0.01592542135,0.01353337918,0.01777286967,0.01666829949
0.9035093985,0.01808211315,0.01004077569,0.03010937087,0.009065488895,0.007452213085,0.02174067056
0.6841173719,0.2428128809,0.01848606287,0.01029910205,0.0127106839,0.01545945033,0.01611445487
0.9108698999,0.01901233994,0.02623561777,0.01338450949,0.0113717075,0.00736205202,0.01176389814
0.05545525324,0.8516317248,0.01351634335,0.02944409337,0.01155808715,0.0126675432,0.02572702545
0.3081815668,0.162387658,0.0107082601,0.142263585,0.3362141307,0.01626469925,0.02398008639
0.08124459215,0.1463224002,0.01833202875,0.1720053221,0.5478238375,0.01405191919,0.02021992604
0.728563356,0.2099000326,0.01103185223,0.01387584126,0.008887780295,0.01526016967,0.01248096561
0.793975547,0.1166479106,0.01579446481,0.01801520924,0.01656558579,0.01695572411,0.02204553756
0.8917138883,0.05097655174,0.008989097515,0.008615527802,0.01051849014,0.005642054705,0.02354433279
0.5676126752,0.03866588431,0.00796578809,0.3452148539,0.008153304788,0.01685705391,0.01553046749
0.5702745795,0.01840160005,0.01149737844,0.006020040954,0.3648212885,0.01623203897,0.01275309248
0.7977570594,0.09583952379,0.05142557613,0.008690604458,0.004545409107,0.02085583962,0.02088599278
0.4920592457,0.41467266,0.0136843638,0.03304638314,0.01525181485,0.01666551219,0.01462001038
0.1197295498,0.6630676642,0.02024004943,0.08548213594,0.05762160653,0.02111755157,0.03274143951
0.7535550778,0.04739932674,0.01426706913,0.0633229487,0.03213672672,0.01650958404,0.07280931386
0.4043391583,0.1336904884,0.02993698344,0.02080103392,0.3758086477,0.01630748612,0.01911620102
0.3886284569,0.5334840191,0.01281288377,0.01978266872,0.01607549964,0.01459116582,0.01462530646
0.2047313517,0.6987454793,0.01325200387,0.02368400773,0.02484886563,0.01397245953,0.02076580988
0.8414437482,0.04736010065,0.009494935957,0.007036530512,0.04281239739,0.04388500258,0.007967270498
0.1657456136,0.4659485715,0.01245872048,0.02374606803,0.2813294141,0.02861599788,0.02215561688
0.3881777087,0.5195756672,0.01862561695,0.01668928546,0.01143390524,0.01712254046,0.02837527305
0.3642412243,0.06172906638,0.05398892292,0.2822345735,0.208534502,0.01199359389,0.01727808993
0.09559816897,0.1330304984,0.2422740168,0.03858917412,0.01879219688,0.4573561943,0.0143597797
0.687204965,0.2158145502,0.01069176181,0.02145426143,0.01184921299,0.02588160953,0.02710361682
0.8568612713,0.07513233737,0.01026062297,0.02094475149,0.006187831325,0.01555914058,0.01505403784
0.4924292894,0.1433452379,0.02283429501,0.02227625316,0.1158363504,0.1855544572,0.0177241429
0.5674607233,0.04603539679,0.03861600209,0.1736559479,0.1313577789,0.01402249578,0.02885165881
0.1229465916,0.1977205458,0.02090217285,0.01250092447,0.0652132604,0.5184554247,0.06226107667
0.1050194198,0.7894876574,0.01179986734,0.02445219024,0.03914175333,0.01529552912,0.01480355903
0.8863602814,0.04852886108,0.008478569648,0.01523000258,0.01247329889,0.0160262893,0.01290274101
0.06328529648,0.4528177499,0.3395538557,0.005291190105,0.02435891305,0.09375195717,0.0209410561
0.2141921421,0.04814412483,0.3090991615,0.1635200891,0.1090997066,0.1100971437,0.04584762656
0.855178029,0.08195092131,0.01297660348,0.01150659035,0.01347552172,0.01193197692,0.0129803555
0.6481144979,0.1269544271,0.01407375338,0.007747034564,0.1764849518,0.01549725211,0.01112808436
0.1353428903,0.05190059094,0.01540500829,0.09463649621,0.6707001383,0.01326483007,0.01874999803
0.4948186897,0.4273845932,0.01816820346,0.01335431302,0.009262479942,0.02249220169,0.01451949333
0.2143349939,0.0218979769,0.01206845952,0.5419622685,0.1762761468,0.01382730247,0.01963290235
0.3705557681,0.5227877257,0.01928701342,0.0252164456,0.02177529664,0.02070484414,0.01967293601
0.5281096221,0.2431021926,0.02064718228,0.03074446166,0.08375212198,0.02761188913,0.06603253103
0.8030023511,0.1151154718,0.01763225642,0.01044487476,0.02597025662,0.015183062,0.01265170682
0.5971977151,0.3234939172,0.01459019555,0.01664874135,0.01269677241,0.0183658597,0.01700683836
0.7620737118,0.05299217897,0.007867883514,0.01972205933,0.1228786031,0.01842082839,0.01604471691
0.5077862755,0.02067948965,0.01189955517,0.009247007622,0.4222781197,0.01295821026,0.01515136582
0.7358687265,0.03008251641,0.03025057134,0.01036170528,0.1731913664,0.009956200111,0.01028892297
0.9181557585,0.02085921562,0.02500566636,0.00711006395,0.009265794801,0.01064700854,0.008956544691
0.4133070681,0.02354434222,0.01695811678,0.0256022943,0.4822784323,0.02152065216,0.01678912332
0.7912874594,0.1324052693,0.01726795958,0.01478032634,0.01007622713,0.01736152381,0.01682121309
0.1836039848,0.7427584886,0.01529916633,0.01784530364,0.007652095311,0.01729270212,0.01554827629
0.5433668121,0.3488549649,0.009853310982,0.05717552376,0.01413346385,0.01048538528,0.01613054439
0.6237752088,0.2785787297,0.01537948318,0.01470630783,0.02422680531,0.02187868947,0.0214547798
0.9257032296,0.014885762,0.01257886806,0.005491281257,0.01428235537,0.008908033563,0.01815042097
0.4450777397,0.2210298707,0.06129952609,0.1970995864,0.03761512164,0.01591841797,0.02195978867
0.6953763394,0.1206471225,0.008817461058,0.03515623767,0.08285528983,0.01484432918,0.04230320918
0.1263415315,0.5996791763,0.04352977214,0.01564614862,0.1763246055,0.02375017181,0.01472859512
0.3795881898,0.02901562061,0.01291092513,0.2525184355,0.2752379909,0.02512412162,0.02560468453
0.9075932516,0.02492621383,0.008031602917,0.01027918263,0.02716932901,0.01028490697,0.01171548508
0.760631539,0.05183491241,0.007244228674,0.1222456849,0.03244777661,0.01120363176,0.01439224513
0.7866618641,0.1530949301,0.01321287148,0.009715501976,0.008505181845,0.01571102911,0.01309859139
0.5005741835,0.4144539762,0.01197713008,0.01648489692,0.01001939227,0.02619850044,0.02029189823
0.8624254367,0.08181799628,0.006517837614,0.01226490751,0.01303299588,0.00986677743,0.01407404692
0.6106162595,0.2692268441,0.01794187104,0.05457361597,0.0137111033,0.01535287968,0.01857741764
0.5621361376,0.01983444002,0.00912300878,0.2567448025,0.1195791963,0.0149010227,0.01768141561
0.1005707757,0.5394984087,0.1436419403,0.09627241397,0.05157208292,0.04050278496,0.02794156146
0.3712502481,0.03011439822,0.007410606397,0.2031720125,0.3386006076,0.03347766748,0.01597446027
0.3193052937,0.564026788,0.01519889021,0.02813578409,0.03077495786,0.01882776208,0.02373054754
0.6881295277,0.02472320315,0.005744524192,0.1468990278,0.1063513399,0.0124034404,0.01574900297
0.4708830195,0.07231757299,0.01913643994,0.02162619938,0.388267234,0.00923870513,0.01853078272
0.9390380616,0.01659385742,0.01262223008,0.00446192333,0.01056046814,0.004362227272,0.01236120295
0.8961832711,0.03169389958,0.01457839907,0.01739632839,0.01047375113,0.01635157662,0.01332278398
0.8949530397,0.01120349875,0.04158340974,0.008729423041,0.007064841499,0.01186972666,0.02459600399
0.3217771456,0.5870237188,0.0186371301,0.02048341488,0.01560433155,0.01431950014,0.02215473787
0.867839709,0.0734335964,0.00884436325,0.01315786409,0.0150442311,0.01050991337,0.01117030004
0.2265645377,0.2724935949,0.02320959418,0.02247401301,0.3870877423,0.04618479443,0.02198569342
0.7798422088,0.009103383719,0.01436216741,0.008883686157,0.167300862,0.00810684198,0.01240084293
0.5365039212,0.1004180846,0.01020524665,0.02613205347,0.2004434598,0.1111282717,0.01516897284
0.8985269299,0.03308589808,0.006977092855,0.01579010666,0.02321286145,0.009341083283,0.01306601708
0.8079700338,0.09913572941,0.01341466853,0.01830211208,0.02052364041,0.02250935103,0.01814447273
0.5917740515,0.2950555743,0.03325843784,0.03030550406,0.01235161962,0.01321113589,0.02404368615
0.8879456845,0.05881971692,0.008942185527,0.01138718178,0.01120941857,0.01102510637,0.01067073475
0.5351036288,0.3757331723,0.01742302064,0.01509743898,0.01565784415,0.01573569606,0.02524917564
0.9166572207,0.02030547125,0.01240262191,0.01517254727,0.01346722101,0.01107319104,0.01092172067
0.598763439,0.03753991227,0.01568657941,0.01037644832,0.3114412977,0.01157872593,0.01461354819
0.7171955512,0.1968036176,0.01420369777,0.01355815208,0.03176369241,0.01217479372,0.01430048845
0.812383823,0.02479904548,0.01296825862,0.1089528753,0.01992589123,0.009435537716,0.0115345832
0.9729802729,0.003331642971,0.003024925228,0.00523920866,0.004420159747,0.006938179373,0.004065582787
0.8175856398,0.02220695263,0.008786869278,0.009252940395,0.1191614144,0.01169361404,0.01131262249
0.9375896684,0.003913725786,0.01091907494,0.009490138983,0.01935494766,0.007007869138,0.01172461871
0.3561990374,0.5373566262,0.01358715482,0.01538216462,0.0400555056,0.02280744265,0.01461206072
0.9620090101,0.005454111809,0.007025415562,0.007254108268,0.004452954614,0.006133742039,0.007670645827
0.5849249264,0.3353496694,0.01227909504,0.009853283147,0.03379794995,0.0113290016,0.01246608288
0.3497905175,0.09072111289,0.0123462216,0.2772709895,0.2441005844,0.01132995626,0.0144405847
0.7496594889,0.07167803056,0.009793197209,0.03084008707,0.03583866461,0.01652083371,0.08566966375
0.601493232,0.2971022318,0.01404159488,0.04399741571,0.01104307057,0.01618865987,0.01613383174
0.4358682168,0.4793069904,0.01757580807,0.01716972615,0.02041959905,0.01353885394,0.01612082192
0.4467077044,0.4591760706,0.01177185688,0.01412495422,0.0345925685,0.01842465613,0.0152022148
0.690872043,0.1669703568,0.01560441038,0.02247562905,0.06914600831,0.01638330036,0.01854820553
0.2798706186,0.5918957495,0.0191923225,0.01920978539,0.00934996615,0.06561949429,0.01486209273
0.5867715292,0.1776564002,0.05047186278,0.0799387103,0.0136626551,0.01400980573,0.07748904112
0.4629535074,0.4414660634,0.01550183686,0.01805759457,0.02843361345,0.01424691966,0.01934051148
0.575842077,0.3359787677,0.02016491772,0.02212898068,0.01602683921,0.01529786651,0.01456048871
0.9235034073,0.02836834794,0.009001967844,0.01388837337,0.01065313961,0.006721496176,0.007863233878
0.2384499973,0.6820817503,0.01904805451,0.01633937449,0.01059037069,0.01749410841,0.01599638384
0.2938900737,0.6276934739,0.01752467674,0.0153942146,0.00988702419,0.01984586458,0.01576466865
0.5128621767,0.2860883433,0.01671730178,0.01256860278,0.1341354269,0.01664961669,0.02097850196
0.891086881,0.02041945155,0.01025810253,0.03298236696,0.01259822423,0.01663567088,0.01601924776
0.5004684241,0.425177131,0.008858060357,0.01473404523,0.01165807272,0.02071648783,0.01838777106
0.4454530791,0.4631716655,0.02147311686,0.02425303383,0.01830420284,0.01319957027,0.01414536005
0.8318632651,0.02106731018,0.01320802896,0.03709853657,0.06714070707,0.01943605481,0.01018606658
0.3983194653,0.5347924802,0.009449103467,0.0154021924,0.01477101844,0.01104122726,0.01622453067
0.923850565,0.009431615606,0.01233360083,0.03000550219,0.005544828629,0.009048666598,0.009785190914
0.9528547558,0.009504957707,0.01672681949,0.007036563399,0.0038743339,0.003900873295,0.006101612288
0.348063179,0.5694952497,0.02102837686,0.01123032228,0.01415545741,0.01689860744,0.0191287678
0.7617747285,0.007532929949,0.01153654582,0.02639926407,0.1736269736,0.01191693886,0.007212621266
0.9485871089,0.009702345021,0.008933453795,0.00835645755,0.00791687361,0.007879446563,0.00862431929
0.4529833154,0.2882385899,0.01875991412,0.02234940011,0.1774889134,0.01779070756,0.02238920582
0.5401760136,0.2827498519,0.01299339339,0.01268398548,0.1152088227,0.01774047529,0.01844742147
0.7839163294,0.1421466093,0.0115133342,0.01709807416,0.01658935538,0.01403404507,0.01470223578
0.8487889331,0.09532381071,0.01109904536,0.01000493056,0.01474700893,0.009376946078,0.01065935965
0.5291690231,0.2887129273,0.02055588248,0.01906732533,0.0986640237,0.01597491198,0.02785590053
0.6873696947,0.06538714097,0.02309689559,0.135866692,0.049154361,0.02553183428,0.01359335976
0.191693346,0.7168608541,0.01584766789,0.02103819672,0.01693791846,0.01672395438,0.0208980356
0.4174319547,0.5111199522,0.02378269173,0.01479302767,0.006564607797,0.01278234024,0.01352543201
0.8830256164,0.04096400373,0.01526545123,0.01624190725,0.01171642457,0.01559266778,0.01719391854
0.9226285668,0.02853241173,0.0111589456,0.01051609494,0.009095894596,0.009398244177,0.008669869472
0.8138909927,0.0982443409,0.009693985824,0.01339824055,0.03104660085,0.02193667148,0.01178915275
0.9584405715,0.004380000353,0.004647538102,0.007025771792,0.01143757778,0.007808824754,0.006259723239
0.5050150614,0.3916198991,0.01241611821,0.01172258058,0.02374741587,0.03665072938,0.01882821206
0.8089124502,0.1259735021,0.02356387304,0.01431626698,0.008139966718,0.009977196472,0.00911675338
0.8196570117,0.05963287489,0.008238534858,0.01218810007,0.07324343738,0.009970362018,0.01706966126
0.8791028636,0.03229293922,0.01294282082,0.02028445957,0.0309362619,0.01343452586,0.01100613929
0.848717401,0.0060872299,0.03739228377,0.01661432903,0.03039917197,0.04708960613,0.01370002352
0.8445594788,0.05876562259,0.01115064338,0.008207463116,0.01887196619,0.04420637252,0.01423844875
0.5087962353,0.3940804493,0.03325930189,0.02131473275,0.01157589266,0.01299953972,0.01797382493
0.86622421,0.03465768386,0.04515870559,0.01001297947,0.01732391589,0.0135461396,0.01307637451
0.8115291386,0.06799360364,0.01326456993,0.02484023425,0.0469738873,0.01819267588,0.01720590232
0.9338411047,0.003047523034,0.007860405405,0.01550721837,0.01468166925,0.01078042311,0.01428164896
0.92393558,0.03573231531,0.005974388396,0.006584803597,0.007747391152,0.01370238562,0.006323162723
0.8914479527,0.01915482567,0.01819678589,0.01394863028,0.01799410312,0.01358093882,0.02567676431
0.8913622656,0.016989008,0.006589581792,0.0258251614,0.03314130938,0.01706656301,0.009026028834
0.3248439053,0.6041265668,0.0235502594,0.01225887142,0.008050267338,0.01399622773,0.01317390732
0.8293800329,0.1086155486,0.009500545265,0.01437743728,0.009069416529,0.01392624874,0.0151306928
0.8801357614,0.0477351171,0.00645027743,0.01430381849,0.03219902109,0.008649864751,0.01052611611
0.9039362155,0.02616764637,0.01309964187,0.01432738406,0.01277814481,0.01647598487,0.01321497312
0.05701476697,0.05644924597,0.8438375,0.006709317892,0.01223983011,0.01344843584,0.0103008895
0.7772064902,0.09333020846,0.03437904358,0.02140879761,0.04908615589,0.01244956288,0.01213972578
0.6085029469,0.257985303,0.008660161189,0.03841557967,0.05645182223,0.0148060508,0.01517813981
0.6747616142,0.2001828647,0.01421709911,0.02754031313,0.05107871362,0.01162666818,0.02059272241
0.4829608366,0.4279000865,0.01257290123,0.01495308134,0.02298006033,0.02221894085,0.01641411195
0.4090134024,0.264426315,0.04317316303,0.02407414713,0.06554228938,0.03065373659,0.1631169779
0.6084173163,0.02029076062,0.02145829401,0.2698922084,0.0404710445,0.02424747359,0.0152229175
0.69566547,0.2068749931,0.0186086303,0.01656322926,0.02785336174,0.0168574975,0.0175768657
0.8296337029,0.06301045774,0.01544023743,0.02584427703,0.02048231027,0.01542675677,0.03016220433
0.9628830126,0.006444392415,0.005193283256,0.004868709096,0.005781249261,0.009993450077,0.004835912797
0.9044033096,0.02289564603,0.02276461113,0.01461868129,0.008181591116,0.01593603033,0.01120014504
0.6811225527,0.1324607044,0.01408335257,0.03392890734,0.09950176638,0.01882429345,0.02007844301
0.9529854759,0.01047506785,0.008251352789,0.01320538654,0.003227006211,0.004652777466,0.007202953177
0.4568549045,0.4705895744,0.01733813398,0.01432024745,0.008798303908,0.01779386496,0.01430495557
0.1855741051,0.04610704708,0.01230769099,0.06967177997,0.6359081381,0.02625985796,0.02417137051
0.7608146879,0.08344708757,0.01496945239,0.06027522943,0.01965943184,0.05060737122,0.01022677872
0.8840510421,0.05174160029,0.01099655331,0.01076730376,0.0102093711,0.01524104646,0.01699306447
0.6959003899,0.2283795547,0.01326520605,0.01188540445,0.01809607139,0.01702274288,0.01545062604
0.9169546129,0.01766731733,0.01331802477,0.0129245948,0.008836203084,0.01654929241,0.01374994708
0.1292110668,0.787788019,0.01258142005,0.02910835878,0.01951126538,0.009545778937,0.01225407468
0.5526074421,0.3597480536,0.02817607616,0.02260228426,0.02004821997,0.007772074871,0.009045845187
0.7960786902,0.1171647311,0.01238131187,0.02010731218,0.02415763749,0.0167710108,0.01333930941
0.4072808419,0.5214899749,0.01212492215,0.02033184272,0.01040743622,0.01462497214,0.01374003376
0.1070911113,0.1844338288,0.2021569886,0.1386905965,0.1955361003,0.1092122192,0.06287913428
0.6697931114,0.2590023501,0.02397509829,0.01215073475,0.008050335105,0.01531370094,0.01171466086
0.8739876232,0.02320576744,0.0124341199,0.04139948634,0.02206160497,0.01547563964,0.01143578324
0.3843223673,0.01077582603,0.04323010798,0.4818433479,0.0471164907,0.02117066049,0.0115412047
0.454636798,0.4329246471,0.01965478066,0.013334797,0.04827878244,0.01158361654,0.01958663067
0.5457280425,0.04099493106,0.01152536245,0.009804912735,0.3662567211,0.01243885794,0.0132512091
0.6690859764,0.2152737137,0.02225925003,0.02075175945,0.03531177238,0.01575161362,0.02156593434
0.666435012,0.122982589,0.0101867073,0.1495732977,0.009378073291,0.02438809046,0.0170562397
0.8281085739,0.08157355187,0.01442081387,0.02030699283,0.01211700035,0.02543592199,0.01803713794
0.2083434514,0.07278517198,0.01610897476,0.3848798752,0.2613378515,0.03215979923,0.02438491318
0.8560172174,0.02780495222,0.008551351852,0.06031597485,0.01060630264,0.02219762382,0.01450656931
0.9450086969,0.008080307433,0.006698596034,0.009263305319,0.005074380639,0.0185733398,0.007301347177
0.2466933004,0.4981848489,0.01390833546,0.0540141406,0.1280495741,0.02326252857,0.03588729378
0.840755418,0.02042510702,0.007095636515,0.09705548395,0.008790165155,0.008386359059,0.01749183588
0.3375955307,0.4487659814,0.01074085569,0.02333088652,0.1347770304,0.01454949718,0.03024017271
0.06987619119,0.5971642282,0.1761290615,0.01739085512,0.1058931051,0.01357022389,0.01997630766
0.9221880482,0.02004344582,0.007829115942,0.006100829037,0.02310931861,0.008948832715,0.01178038162
0.8651194011,0.09273350492,0.007111415657,0.006231069656,0.005272644518,0.01294285287,0.01058911801
0.4870751656,0.3852402018,0.01178853709,0.03573028811,0.04479265979,0.01281049827,0.02256265796
0.8779545424,0.007540727395,0.00653418673,0.08514642542,0.006642729537,0.006029939165,0.01015145527
0.584142083,0.08499004192,0.03639111824,0.02242113082,0.2335457921,0.01364754798,0.02486225797
0.3016428714,0.5418548444,0.02506725764,0.04056338973,0.05818972845,0.01435676251,0.01832513255
0.9581958032,0.00661753982,0.006467001226,0.008535955755,0.002941027449,0.006962965542,0.01027973009
0.562503928,0.03434999185,0.01861960513,0.3161243506,0.03749564226,0.009849540164,0.02105695162
0.1342465218,0.6576429116,0.02660321128,0.0250730228,0.1221388742,0.01466819433,0.01962728819
0.3979971582,0.1325848798,0.05319236007,0.01108697853,0.3728481001,0.01585939694,0.01643110529
0.7133798792,0.2189465359,0.009249244609,0.01129959055,0.006511975623,0.0259361662,0.01467658516
0.1105298387,0.05921670773,0.1186756334,0.01218989351,0.09473973977,0.4842793322,0.1203688456
0.01556885263,0.9105792717,0.00912914218,0.02082602724,0.01293236637,0.01922897828,0.01173529235
0.09218690149,0.6673784132,0.01654968745,0.0169865754,0.08971838882,0.09472422909,0.02245585309
0.005213263479,0.876950287,0.04212967166,0.01123545641,0.005068279381,0.04386028649,0.01554278569
0.01235375933,0.9209427121,0.01173456081,0.01393119081,0.01551399423,0.01178249863,0.01374123383
0.03041430266,0.8975913496,0.0126492819,0.01705445622,0.009650090914,0.01732436974,0.01531610762
0.0733323796,0.862799988,0.008057249074,0.0261772752,0.00773460948,0.01112245577,0.01077611957
0.005720025617,0.9132135069,0.02332265105,0.01177038276,0.01657294541,0.01323643065,0.01616404422
0.3750636162,0.4649433532,0.02324558781,0.03581010349,0.0501395791,0.02665789242,0.0241398872
0.02160354974,0.9000454378,0.01506175695,0.02014941117,0.01235486851,0.01693573356,0.01384923462
0.05918256721,0.7890533219,0.01968509827,0.03057917598,0.05464856978,0.02222353621,0.02462771943
0.005760417269,0.9329989089,0.01326454559,0.01027288769,0.01403149658,0.01462743335,0.009044295751
0.08260896132,0.8592235922,0.01234875378,0.02269828492,0.005331028885,0.007161704354,0.01062767725
0.01112832615,0.9206948804,0.01334693664,0.01456726732,0.01508560708,0.01147651096,0.01370045211
0.01369555531,0.8977286564,0.01792200322,0.01917864493,0.01984928633,0.01328228365,0.0183435464
0.008936962957,0.9340323515,0.01223209686,0.01404933374,0.01220740077,0.0077239758,0.01081792443
0.02660773125,0.3584258245,0.01004420628,0.2012535899,0.1893173564,0.1994861768,0.01486509292
0.2037554051,0.657326969,0.0157817038,0.05793440433,0.02052684427,0.02454008446,0.02013461546
0.0147321597,0.9062703329,0.01876626996,0.01205187135,0.009529737127,0.02357051578,0.01507911023
0.1331080056,0.7251677358,0.01333103629,0.01344915269,0.04333713153,0.03464998593,0.03695689332
0.01321248969,0.8866269372,0.01471154775,0.01897430091,0.02300422417,0.02107708554,0.02239335936
0.01310589441,0.9069608171,0.02757969177,0.01274100029,0.0118409432,0.01503038777,0.01274129689
0.008903278803,0.9168734662,0.01181500274,0.01914305088,0.01714948991,0.01248189924,0.01363383973
0.01348549924,0.9215573056,0.01043094849,0.01097889119,0.01405038131,0.01421998751,0.01527698624
0.008919604283,0.9248157637,0.01069218467,0.01356370095,0.01229201336,0.01456981044,0.01514692272
0.009678545989,0.9025827799,0.01373975644,0.03380583392,0.009833385803,0.01567542219,0.01468426527
0.01913870337,0.8896729895,0.01422486496,0.01885013005,0.0115491847,0.02304484432,0.02351927002
0.02323740355,0.891994444,0.01062355287,0.02348132777,0.0126399487,0.02486490835,0.01315834625
0.01719849607,0.8448441746,0.03164755156,0.04239209014,0.01732923611,0.02645702247,0.02013144714
0.02110020056,0.9054886875,0.01370954928,0.01546430527,0.008550437983,0.02110083107,0.01458602769
0.03676290883,0.8840653229,0.01255524351,0.02086211981,0.01729164777,0.01130974689,0.01715292837
0.275802184,0.6470472815,0.01860293037,0.01839036493,0.0106924375,0.01466527251,0.01479954199
0.01665143027,0.8947861076,0.01907494738,0.02589324399,0.009628138181,0.01695223702,0.01701392733
0.03971208589,0.8655914365,0.01891328302,0.02364992416,0.01183814272,0.02092397599,0.0193711074
0.07561902904,0.5392303781,0.03488456174,0.01840450886,0.2842598928,0.02207835102,0.02552323125
0.05452128235,0.6225493865,0.1209601604,0.01725168441,0.1500756994,0.02256829961,0.01207347089
0.1066799853,0.7789992169,0.01379733313,0.02191254069,0.05210827619,0.01150357666,0.01499906355
0.07297186599,0.8477198936,0.01489870463,0.01654786728,0.0126809517,0.01689242544,0.01828826631
0.05842056659,0.8693074168,0.01420945109,0.02219461314,0.008306438694,0.01325399812,0.01430754034
0.02582417312,0.8607444631,0.0108909923,0.04155708307,0.02240695022,0.02476860109,0.01380776538
0.0271786617,0.8811484231,0.01565390138,0.02172039533,0.01798906518,0.01831476607,0.0179948137
0.02619270041,0.8785474301,0.0156855781,0.0254681974,0.02478107531,0.0129815325,0.01634351461
0.01924736218,0.9023453731,0.01575208048,0.01683219981,0.01034390684,0.0202877785,0.01519132949
0.01500788443,0.9342809063,0.01139759513,0.009957367789,0.01027382397,0.008492693582,0.01058971515
0.356330054,0.4991336701,0.01575299402,0.01665382451,0.06777371974,0.02283277723,0.02152294318
0.01120617534,0.9036972773,0.03004548258,0.01153934428,0.01449543121,0.009851543754,0.01916479212
0.01189339679,0.8258010126,0.009912780496,0.01808844706,0.1053345724,0.0118816545,0.01708812517
0.02031573607,0.8932073115,0.02144445308,0.01678735985,0.01375867032,0.01805027981,0.01643624865
0.02560596703,0.8957766335,0.01470264981,0.01777020765,0.013496188,0.01651981934,0.01612858521
0.01839568614,0.9124190598,0.01324873144,0.009242002413,0.01226688353,0.01554917741,0.01887850653
0.03270979285,0.8926982696,0.01279866888,0.01528337464,0.01516315174,0.01446994795,0.01687681254
0.1743785831,0.754127609,0.01448334772,0.01615115423,0.009437229179,0.01252742352,0.01889465415
0.008429007205,0.925722998,0.01397763348,0.009035134483,0.008904285015,0.01941497121,0.01451595805
0.01296422762,0.8890555652,0.01253371957,0.01761224364,0.01822923268,0.03166448563,0.01794058524
0.04243463086,0.8256373285,0.01320250221,0.01319692394,0.0653793256,0.01677204537,0.02337722187
0.01041160811,0.9062838752,0.013234802,0.0155378707,0.01349952989,0.02481748268,0.01621485733
0.01662521302,0.8837277748,0.017807589,0.01673855712,0.01923385962,0.02367726236,0.0221897488
0.03050375411,0.8771058575,0.02454310815,0.01975694447,0.01280990439,0.01693785359,0.01834259909
0.02009834755,0.7930427912,0.1326760118,0.009912706783,0.01370181344,0.01810794505,0.01246040471
0.006652374238,0.4828575102,0.02021314142,0.01716091751,0.08038069474,0.02557115348,0.3671641703
0.03336373185,0.8979051015,0.008638757874,0.0132761996,0.01622069561,0.01125990716,0.01933552557
0.01552767626,0.8912389802,0.03616074017,0.008723261223,0.01125834941,0.007671664005,0.02941925769
0.03209371905,0.8930724154,0.01402902804,0.01402961068,0.013790075,0.01382393311,0.01916115003
0.01065100239,0.9327136181,0.01015003531,0.01698319089,0.007671811558,0.009147867977,0.01268243943
0.4803512283,0.1993098867,0.02284294731,0.0586390299,0.1978991617,0.01806066089,0.02289707793
0.01308164334,0.9308553203,0.008411237131,0.01814211642,0.009665453129,0.01078634543,0.009057882437
0.1464327218,0.7136338799,0.01007635564,0.01954826935,0.06898633389,0.02653526505,0.01478719176
0.02541001186,0.8851274268,0.01986574864,0.01885692805,0.02453379908,0.01229635526,0.01390972678
0.01986215259,0.8916304512,0.01617567279,0.02054774274,0.01544916332,0.0176119973,0.01872289062
0.05751401161,0.8107146294,0.08030316508,0.01458252884,0.009558302088,0.01211907993,0.01520832825
0.03719049757,0.8820391015,0.01583819889,0.02034515572,0.01481818428,0.0153672067,0.01440165161
0.04834721651,0.873632154,0.01348280153,0.01465683691,0.01648436742,0.01322159193,0.02017502191
0.01367669768,0.8968683653,0.01271205407,0.01324171111,0.03568938643,0.01047404761,0.01733778858
0.01430168941,0.8819181898,0.02523311705,0.02776469895,0.01423543194,0.0204667064,0.01608016827
0.01078155516,0.9061408209,0.01349556619,0.01692351647,0.01794310487,0.01952179338,0.01519363824
0.1817382986,0.6904334217,0.01170920027,0.01408625063,0.07205341102,0.01487215437,0.01510730436
0.01818231145,0.9216939857,0.008768386559,0.009076601766,0.01408200692,0.01516410051,0.01303257698
0.490555724,0.4210893912,0.02115412003,0.02015524004,0.007210965276,0.02082396205,0.01901061565
0.01568928432,0.6455485985,0.01533042688,0.0122563813,0.05212987377,0.009662622973,0.249382877
0.01231903137,0.9011645938,0.01587462336,0.02298444324,0.02482473414,0.01178017489,0.01105237595
0.7507143335,0.177455712,0.01683828244,0.01148492472,0.01629030909,0.01273281731,0.01448363115
0.02588962868,0.9026649963,0.01364852027,0.01407197511,0.009264233683,0.01620481053,0.01825589411
0.09298164653,0.7766220728,0.0212460622,0.05745134897,0.01645162616,0.0206389685,0.01460829015
0.01438726703,0.9130367511,0.01249923711,0.01506533936,0.01363489977,0.02195081312,0.009425696821
0.01459273815,0.8864536486,0.01145407838,0.01686858084,0.03828602152,0.01707423774,0.0152707075
0.02278085654,0.9054269772,0.008425963658,0.01067048165,0.009725825188,0.02463985348,0.01833008435
0.1286624069,0.5349777565,0.04084894773,0.02136121121,0.2366374579,0.02058584629,0.01692633185
0.3582011498,0.5138065416,0.0167415254,0.04158586934,0.007819488491,0.04291003022,0.01893541992
0.02592367018,0.8791995937,0.02014857806,0.02280388105,0.02050532828,0.01515980757,0.01625915374
0.04206118093,0.880872094,0.0135323429,0.02185661568,0.01017566319,0.01604828005,0.01545387321
0.01456679588,0.9110018059,0.01254691042,0.01964748802,0.0175058278,0.0111442011,0.01358701215
0.01137104971,0.6824872032,0.2202726269,0.01905253661,0.03794683085,0.01432048123,0.01454921769
0.0720138462,0.7898881533,0.01897554408,0.02577902706,0.06526889296,0.01430891862,0.01376560905
0.01950465224,0.8946434202,0.01126843505,0.02214020839,0.01692582205,0.01653823243,0.0189792541
0.01803971391,0.8971540849,0.01810426075,0.02182711549,0.01568461244,0.01519877127,0.01399149765
0.07957134554,0.799670993,0.01985822093,0.02712553694,0.01360011397,0.03513330908,0.02504051418
0.02683797958,0.8981299652,0.01213160528,0.0133621722,0.01172837564,0.02094538225,0.01686456063
0.02308907478,0.8952113536,0.01653758771,0.01552594056,0.01434244724,0.01850312339,0.01679049594
0.01510244117,0.8592760804,0.01730102607,0.0181226972,0.05491102432,0.01321892087,0.02206784613
0.01577439782,0.9184383417,0.0140004896,0.01628049091,0.009471041763,0.01084852218,0.0151866347
0.01335802492,0.8999774853,0.01347445041,0.01816031588,0.0156872632,0.02484581155,0.01449661442
0.02817018661,0.8607750961,0.01838539503,0.01928283451,0.0322114315,0.01846940621,0.02270565169
0.00577601544,0.8295753841,0.01553652459,0.01255923031,0.1120525251,0.009364387061,0.01513591094
0.1836055888,0.7114644183,0.01307099915,0.02977986514,0.01834584706,0.01906114384,0.02467216729
0.07788556656,0.8691083006,0.0100338648,0.01181654923,0.004786241969,0.0144106882,0.01195876501
0.01318538977,0.8954581558,0.0293645712,0.01165610195,0.01119808102,0.02819861553,0.01093906799
0.01878550779,0.88338105,0.01436634832,0.02060338219,0.009288534988,0.03198169259,0.02159345565
0.1032522603,0.7617329087,0.0156230479,0.02140413915,0.04024302885,0.02527306533,0.03247150939
0.01298692014,0.8944804441,0.01478988892,0.02120467079,0.02347746715,0.01647663552,0.01658398201
0.0214627714,0.8828299007,0.03539127953,0.0108593452,0.02264432395,0.01378998506,0.01302237929
0.1567784886,0.7155590973,0.027058426,0.01576656529,0.03748271855,0.03290702246,0.01444774802
0.01338211566,0.9176867514,0.01183907411,0.01741036708,0.01369720982,0.01309794808,0.01288655102
0.4089124325,0.4744109656,0.02389182344,0.01748458509,0.0349177534,0.01932756808,0.02105487224
0.1589229398,0.6793699053,0.01473712899,0.08574890786,0.01485979574,0.01719350706,0.02916781242
0.0174285187,0.9136792261,0.01233051777,0.01508050544,0.01550512659,0.01222466276,0.01375144737
0.02621536552,0.8905044215,0.01513077617,0.01666658804,0.01837789163,0.01756459946,0.01554037797
0.02266663768,0.888192335,0.01758859772,0.01995988178,0.021435728,0.01321766619,0.0169391947
0.01589384967,0.9074379089,0.0117303744,0.01579871938,0.0157939154,0.01498023654,0.01836502616
0.006430552973,0.5477057579,0.02822098003,0.01159415041,0.3796677554,0.01027059245,0.01611019119
0.02708853046,0.869930413,0.01426210106,0.02398063215,0.01463791269,0.02536357031,0.02473688209
0.01053069528,0.913005286,0.01181638261,0.01501005543,0.007966187281,0.023710792,0.01796062746
0.01918174941,0.936190378,0.0087281944,0.0128648611,0.006431465727,0.007634416018,0.008968968912
0.01956523006,0.892687294,0.01451645287,0.01669553656,0.01232649168,0.02255789714,0.02165108323
0.04918485522,0.8659024667,0.02100820679,0.02213175601,0.01178899296,0.01623961251,0.01374409932
0.01335105916,0.9126765227,0.01344072564,0.01550483141,0.01496474325,0.01567221813,0.01438995133
0.04292335838,0.7644186917,0.01520246382,0.05644843053,0.09343824566,0.01346556988,0.01410326826
0.1247240186,0.7977217491,0.01854119594,0.01539851652,0.008971360068,0.009878784941,0.02476435817
0.3126163301,0.5421468478,0.08090109196,0.01550019062,0.01917582199,0.01633648231,0.0133232318
0.01363475652,0.892113648,0.01623366606,0.02352472164,0.02145340627,0.01470779403,0.01833198749
0.1401742108,0.7930146719,0.01359907756,0.01352031781,0.01632071162,0.01108074127,0.01229018684
0.03732077594,0.8900854988,0.01380518886,0.01488724399,0.01489088976,0.01238072159,0.01662972914
0.01996876365,0.9058152869,0.01400043955,0.01499207346,0.01262412769,0.0184260569,0.01417319491
0.01684643729,0.8971449899,0.0123995851,0.02680015754,0.01213444525,0.01766203427,0.01701241709
0.0397204585,0.8272876666,0.05482696676,0.02282144316,0.02250508497,0.02181696832,0.01102137
0.02336951624,0.8952735598,0.01326232169,0.01457630808,0.01047582344,0.02514703421,0.01789548016
0.03503897145,0.8839706271,0.01142476061,0.01455719133,0.01169677269,0.0174693554,0.02584232553
0.01386600018,0.8665145865,0.0149199784,0.02863819957,0.03883181837,0.02105658062,0.01617282387
0.0246227886,0.8561679702,0.01047786292,0.0216731119,0.01683803893,0.02465439449,0.04556587534
0.02376550386,0.8736236491,0.0224387585,0.02117120575,0.01436464806,0.01541406276,0.02922216936
0.1643394976,0.6528152039,0.1199029665,0.006662266445,0.02341976543,0.02216204108,0.0106982256
0.06294404115,0.8285425801,0.01885067425,0.01330815956,0.03191181946,0.03118040021,0.01326230526
0.01004812978,0.9133897866,0.01226222018,0.01454717882,0.01739179412,0.01808115514,0.0142796691
0.4012312811,0.4695657035,0.02008024133,0.04918201428,0.01488189711,0.02148023219,0.02357860583
0.1894183068,0.7318974121,0.01862662826,0.01794324982,0.007671220567,0.01704904819,0.01739413079
0.0154261641,0.9243379468,0.01291214937,0.01527980631,0.007586692833,0.01436594023,0.01009132039
0.01864017354,0.8708064198,0.01769273727,0.01702116232,0.02074974177,0.03594763961,0.01914205591
0.01411601333,0.3310736909,0.02016986529,0.04452975492,0.5143693927,0.02413231228,0.05160898647
0.01378136073,0.8953402184,0.01535144148,0.01781669115,0.02034808305,0.01972519523,0.01763700616
0.02096486827,0.9085753733,0.01562636415,0.01332860506,0.009553709546,0.01359895572,0.01835212785
0.01014850695,0.909029529,0.01299909721,0.01750783567,0.009977689265,0.01900865228,0.02132870392
0.03860836198,0.873124101,0.02093046869,0.02446223169,0.01060325028,0.01738938564,0.0148821863
0.01456055993,0.8992930253,0.01205583496,0.01360176436,0.01553247866,0.02017897351,0.02477735149
0.02007523243,0.8884782841,0.01682131127,0.02848610074,0.01078746797,0.01790093224,0.01745059755
0.01685539192,0.9013891274,0.01902265907,0.0147018854,0.01744119454,0.01553048037,0.01505930394
0.03267167977,0.6290393558,0.02277533297,0.008476232401,0.2870227321,0.005399114447,0.01461556342
0.08948250715,0.8372758579,0.01134031279,0.01521087846,0.009448568967,0.0117834914,0.02545834852
0.06112758283,0.8937712255,0.008413752544,0.01084237077,0.00651989863,0.008778096647,0.01054705148
0.1318451417,0.7595279754,0.0182030864,0.02178101011,0.02728281328,0.02127378368,0.02008618402
0.02435330638,0.8706720304,0.01522632288,0.02361989186,0.0202389007,0.01890325019,0.0269862769
0.02298597523,0.8938011874,0.01465936989,0.01810556915,0.01367153352,0.01945586763,0.01732042605
0.1065570334,0.738643136,0.0217393735,0.02729094327,0.07769660382,0.01172119737,0.0163517415
0.1782985272,0.7163748514,0.0106042588,0.02336402529,0.03415883344,0.0200319933,0.01716752944
0.02781991822,0.9033483654,0.01163848446,0.01596389454,0.01207567899,0.01435243713,0.01480121163
0.007679108815,0.8292955791,0.01412459153,0.01459565827,0.1011777747,0.01343284088,0.01969444038
0.029572427,0.905054083,0.01007415149,0.0127509803,0.009654580732,0.009857005644,0.02303677015
0.01495224174,0.8950983619,0.0157725637,0.01815241512,0.01397187849,0.01925488228,0.02279763402
0.01963012416,0.8952212419,0.01864634186,0.01933337289,0.01420039779,0.01349886384,0.01946968632
0.01378704608,0.9337124954,0.01059047356,0.01281524846,0.007267998613,0.0088577058,0.01296910426
0.05761575491,0.8141667016,0.0230757384,0.01688093019,0.02789187723,0.01286222145,0.04750677384
0.03517088553,0.8737098096,0.01816927613,0.01798361106,0.01539398341,0.01655091086,0.02302150911
0.02213320514,0.901306593,0.01691571805,0.02073516153,0.01206213127,0.01315718501,0.01369001844
0.02443633631,0.8990210259,0.01408604416,0.01667299459,0.01121392325,0.01699620748,0.01757344797
0.01461676376,0.8993287969,0.01747891358,0.01923630424,0.01509609636,0.01776961587,0.01647348977
0.01295616746,0.8744586323,0.01211719696,0.03894259803,0.01161553637,0.03187389646,0.01803594005
0.07411552217,0.6475018453,0.0221287036,0.02322913527,0.02581156314,0.01256670688,0.1946464838
0.1640949286,0.6087255456,0.1406328562,0.01239187244,0.03566401811,0.02294511761,0.01554566857
0.1130672483,0.786046362,0.01587674768,0.02294066722,0.01402795078,0.03270308705,0.015337926
0.0257766118,0.8924894331,0.01471154408,0.01172542469,0.02630038437,0.01496825586,0.0140283296
0.07731615091,0.8523953643,0.01101198375,0.01679693519,0.01283525925,0.01461055324,0.01503369008
0.007712215358,0.8160139656,0.0690825611,0.01188931451,0.01007221019,0.01081105178,0.0744186269
0.01593026347,0.8926403977,0.04066270616,0.01813227841,0.00554548569,0.01433259348,0.01275624392
0.02499058268,0.8646380617,0.01197386924,0.02502652377,0.04596131186,0.01429909154,0.01311054769
0.0447410116,0.8696959217,0.01106838431,0.02738795106,0.01169381096,0.01278963863,0.02262335801
0.02088558391,0.8802557697,0.01498177593,0.01693423181,0.01951149244,0.02536874075,0.0220624485
0.03206308212,0.1170888562,0.007766253842,0.03233007175,0.7755621943,0.01637534298,0.01881418649
0.009842051754,0.9084229671,0.01494527851,0.009418733029,0.009279882441,0.03695607768,0.011134959
0.01629232637,0.9063857141,0.01481227287,0.01309004537,0.01243078776,0.01924303668,0.01774579503
0.01944681426,0.9059308646,0.01175714753,0.01837117728,0.01001122181,0.01836112008,0.01612168317
0.02631491005,0.8928099522,0.01802236205,0.01807954521,0.01295238213,0.01525521027,0.0165656804
0.02004310544,0.8743275013,0.01671930511,0.01910670574,0.01489805427,0.0343617443,0.02054360785
0.1172938859,0.6422650792,0.02329304152,0.1526478167,0.0231304356,0.02413639792,0.01723335238
0.01015802738,0.9079002657,0.01371437837,0.01579146459,0.01260373685,0.01457661863,0.02525550441
0.02453567391,0.8823309315,0.02174110675,0.01201944403,0.01367104092,0.03005201978,0.01564980166
0.06344279433,0.8219805475,0.01222604464,0.01525858946,0.06089189503,0.01418917818,0.01201094219
0.002781623211,0.9067396107,0.04871204751,0.007039044739,0.009811297743,0.01180404008,0.01311227459
0.09325849578,0.7992194926,0.02015769804,0.04914383819,0.01396333631,0.01052692529,0.01373013641
0.04449449536,0.8825194228,0.01319803866,0.02657266516,0.008791228086,0.01068606843,0.01373806552
0.07560482781,0.8502324461,0.01985187292,0.01391268862,0.01356348914,0.01644442513,0.01039029075
0.06560322313,0.8741844939,0.01029593351,0.0146374443,0.01143666736,0.01201818138,0.01182407339
0.02109965691,0.9137261216,0.01364588137,0.01547794001,0.01248763624,0.01050097795,0.01306182401
0.01718820133,0.9011650682,0.01405219759,0.01554497338,0.01375204613,0.02113059569,0.01716692046
0.01348430286,0.9079689963,0.01579376162,0.01759823924,0.01226918799,0.01660123822,0.01628416058
0.02097407528,0.8391448687,0.01695233506,0.01779000121,0.07069838891,0.0115628131,0.02287753121
0.007425029397,0.9283318737,0.01810931629,0.01451814637,0.007192037805,0.01488302274,0.009540566422
0.01574360136,0.90898913,0.02122689205,0.01478766939,0.01457404167,0.01031737082,0.01436131439
0.08014092874,0.7875406193,0.01415299358,0.009066156979,0.07731767969,0.01734089533,0.01444072893
0.03767065037,0.8821903418,0.01632523681,0.01547322715,0.01555630765,0.01612300267,0.01666125002
0.4087410033,0.507011869,0.01644549676,0.02311457927,0.0131517305,0.0168766884,0.01465861372
0.0162930949,0.9027083329,0.01377349068,0.01684716594,0.01790569451,0.01911214615,0.01336013063
0.01501330222,0.8918550009,0.03174164986,0.02090620641,0.009148348995,0.01538719885,0.0159482699
0.01943110252,0.9041356077,0.01204482584,0.01395836147,0.01583531771,0.01420516019,0.02038965333
0.0177509529,0.9150740446,0.01423549167,0.01193780437,0.01269074879,0.01345719021,0.01485371032
0.05720251816,0.8771162348,0.01636936076,0.01777544671,0.008681766263,0.01130688623,0.01154783107
0.04500999938,0.8588461274,0.01268972554,0.02662281215,0.01434912317,0.02790278333,0.01457945329
0.09988026731,0.5337231183,0.01179823916,0.01242233956,0.2866545194,0.03462886753,0.02089265521
0.03676618945,0.8806105082,0.01575556084,0.0165990653,0.02417433622,0.01081861789,0.01527573812
0.01224548061,0.905458302,0.02145828409,0.01242391042,0.02018073994,0.01027422743,0.01795902745
0.05541218179,0.8496753193,0.01993202567,0.01895923047,0.01652099388,0.01837905312,0.02112118902
0.05297335515,0.8786853594,0.0139081677,0.01160018358,0.01486983161,0.01239940253,0.01556371474
0.7576054552,0.1480266155,0.01379778886,0.0332860218,0.01074306073,0.01979801017,0.01674300514
0.01800610705,0.8933815733,0.01613697366,0.02392059464,0.01545217312,0.01313499341,0.01996754636
0.0612167495,0.8701816358,0.0119102682,0.01496839671,0.01304933071,0.01496354678,0.0137100548
0.01959662805,0.8862563034,0.01816389183,0.02146930523,0.01918966468,0.01885245538,0.01647178847
0.01795529721,0.8997310812,0.01166679121,0.01389018502,0.02637828873,0.01925487358,0.01112347301
0.009633698101,0.9141095797,0.01719701297,0.01736907065,0.01048861468,0.0170852667,0.01411672518
0.02741464365,0.8963711937,0.01347902844,0.01717143129,0.01409331156,0.01737760525,0.01409281998
0.1215654506,0.7635015255,0.007570625163,0.05049263897,0.02481421526,0.01933243556,0.01272311496
0.01719883263,0.9119722805,0.01196648254,0.01484221424,0.01181886434,0.01508476076,0.01711659425
0.04158920348,0.7889223429,0.05896138424,0.06507683467,0.007697489151,0.01337377893,0.02437900525
0.007396456389,0.8838103212,0.04426904205,0.0146222059,0.01082639258,0.02297984179,0.01609574508
0.03449533485,0.876690695,0.0163556556,0.01880035969,0.01154597487,0.01350883572,0.02860307789
0.03663959531,0.8918550851,0.01377478964,0.01536600122,0.009982554135,0.01647386279,0.01590813395
0.01552626039,0.907718183,0.01653030693,0.01722406725,0.01263054457,0.01472268447,0.01564795158
0.04478838399,0.8726143527,0.01767246315,0.01672877847,0.01378839742,0.01782834082,0.01657924996
0.09869906225,0.8255324354,0.01261898016,0.02136896502,0.007504007884,0.02049618645,0.0137803853
0.02710482624,0.8769892258,0.02692356213,0.02613740369,0.01004232067,0.01620393037,0.01659868584
0.006806809811,0.8802386442,0.01791221131,0.03096930161,0.03072407625,0.01860653284,0.01474240264
0.01465716512,0.8815604899,0.01547097595,0.02158440594,0.007729269883,0.0173166129,0.04168112477
0.05583627722,0.8539799269,0.02000889689,0.01753615156,0.01868139569,0.01483111545,0.0191262358
0.01949584338,0.8887841964,0.01529575473,0.01448816872,0.01241288533,0.02938877027,0.02013436709
0.008110447872,0.8611374618,0.07251932621,0.01457693786,0.01030465419,0.01669581888,0.01665539215
0.01727017062,0.9115295336,0.0121859636,0.01458999804,0.01437327428,0.01371372727,0.01633729146
0.03088854777,0.875826869,0.01650748387,0.02397184232,0.0143818324,0.02137314203,0.01705027966
0.3170725464,0.5405413619,0.02688437574,0.04809329239,0.02441637274,0.02686858273,0.01612346263
0.1011180925,0.8363036982,0.0125814676,0.01593173496,0.01262165877,0.01199261776,0.009450762975
0.0294293515,0.5485089361,0.2850780377,0.0358892252,0.06917300437,0.01073213554,0.02118931085
0.0221099243,0.8922128882,0.01379174081,0.01931345445,0.02022738331,0.01785694506,0.01448769233
0.08409561363,0.8648150074,0.01273916994,0.009614796075,0.009734174249,0.009776903894,0.009224336897
0.00617455448,0.8768400882,0.04038004597,0.01081784175,0.01869303824,0.02678822525,0.02030620569
0.01853236992,0.8913168085,0.0191477642,0.02569561268,0.01686701046,0.01513232159,0.01330818476
0.0517177842,0.8382672845,0.01634340155,0.02668877864,0.01375376979,0.03305990605,0.02016911409
0.03002779198,0.8857858922,0.01639367195,0.02576843384,0.01179509433,0.01423164708,0.01599744518
0.02675059669,0.7183313667,0.0131772898,0.01759681684,0.1712832593,0.02554347358,0.02731717953
0.05714569461,0.8562625572,0.01662829165,0.03075766844,0.008135510168,0.0148862378,0.01618399669
0.02769020351,0.9082852736,0.01435737026,0.01447925068,0.01099358394,0.01007146656,0.01412287791
0.07313680574,0.7961428202,0.01148983355,0.05634698071,0.03364445924,0.01371963008,0.01551948675
0.7461944937,0.1015241264,0.01574890569,0.0948596485,0.006609993147,0.01757915871,0.01748364555
0.04617825143,0.8487918538,0.01158011876,0.04031008281,0.01750097906,0.02110712557,0.01453161826
0.03603632911,0.8744435621,0.0161573727,0.0174947891,0.01387531555,0.01855175128,0.02344086338
0.03063229583,0.8864840778,0.01703222984,0.02010141542,0.01227976675,0.01160327202,0.02186700868
0.01723019755,0.9038449633,0.01586824586,0.01941607,0.01233560548,0.01482206064,0.01648284779
0.01377209566,0.8576077808,0.02889296172,0.01520248605,0.0140275148,0.05594427184,0.014552872
0.009461514364,0.9163969276,0.01510931987,0.01384192982,0.009068348883,0.01720345506,0.01891845456
0.02287149462,0.9037206406,0.01471299455,0.01759685646,0.01204685705,0.01387844904,0.01517272593
0.01658068878,0.8894040631,0.01586488351,0.02419206019,0.01174031699,0.02389462832,0.01832338218
0.03193668361,0.8819534503,0.0173436954,0.0193957814,0.0128824395,0.02018630704,0.0163017101
0.01101662098,0.8832857681,0.00952690677,0.01369171731,0.02175648374,0.04948260312,0.01123989257
0.01518347599,0.8947508469,0.02076835718,0.01977386172,0.0168989345,0.01778462505,0.01483995757
0.02191478198,0.8637602816,0.01516949053,0.02232422677,0.03671025058,0.02060651206,0.01951448509
0.0356101852,0.8951179443,0.01747707616,0.008796301173,0.005731498517,0.02069369162,0.01657323726
0.009945014304,0.9262646736,0.0112190499,0.01167059219,0.01907805318,0.01187542818,0.009947168287
0.01421944915,0.9092097662,0.01139184201,0.01366050607,0.01685398953,0.01972005157,0.01494435186
0.01421089113,0.9237658156,0.009760489705,0.01526394309,0.008091370615,0.01212450503,0.01678296623
0.05738797666,0.8421447322,0.01297658618,0.02819345517,0.03494282358,0.01013831778,0.01421609216
0.009717504703,0.159801595,0.7083736008,0.01688350325,0.07001931707,0.02282674256,0.0123777217
0.01035640352,0.9106117331,0.01467467069,0.01859863203,0.01894791634,0.01080796018,0.0160026874
0.01705271626,0.9148551187,0.01474958688,0.01202592594,0.009363706181,0.01830385513,0.01364913593
0.01376497951,0.9144951122,0.01554860152,0.01573038737,0.01218304546,0.01374074372,0.01453714811
0.02823928068,0.8599159202,0.01634873838,0.01882673985,0.01684800494,0.03641559479,0.02340576182
0.01128248688,0.903079524,0.01465128794,0.01886434595,0.01324383407,0.01685803517,0.02202045769
0.0771849095,0.8694209572,0.01195360421,0.009615517731,0.005550899092,0.01138658568,0.01488757283
0.1067666878,0.706035241,0.01061071791,0.02334543697,0.1096339789,0.0281827031,0.0154252005
0.00983681415,0.9243908156,0.01092936227,0.01125000526,0.0104073116,0.01426640047,0.01891931329
0.02033981808,0.8918878385,0.01694192828,0.034186503,0.008773221707,0.01637647139,0.01149421431
0.02799137203,0.8953393664,0.01193752059,0.01592236446,0.01087964164,0.02349381432,0.01443585008
0.01186430874,0.9108436083,0.0132947548,0.02100025208,0.0121493107,0.01507485714,0.01577291866
0.03754898454,0.8569246653,0.01561057101,0.04212051066,0.01456851027,0.01752050039,0.01570624074
0.01714693645,0.8936204442,0.01486489546,0.01502982207,0.01062100017,0.02512653115,0.02359041624
0.01545468802,0.8973968534,0.01298741537,0.01723593465,0.0137572893,0.02789354372,0.0152742525
0.02454266928,0.9036747024,0.0171293825,0.0195301297,0.00981594704,0.01202078413,0.01328640103
0.09917839708,0.8180975107,0.01773409879,0.01660834507,0.01486214932,0.01576117735,0.01775831672
0.01157359475,0.9178971251,0.012429697,0.0134912131,0.01330529738,0.0179948863,0.01330820099
0.02022700325,0.8860809559,0.01093631635,0.0261261811,0.01259533936,0.01524263748,0.02879155099
0.4840999488,0.2235616642,0.01070379365,0.1794936702,0.06669817705,0.01721048321,0.01823225463
0.01055720024,0.9174314033,0.01553929576,0.01256186598,0.01147244023,0.01510136598,0.01733645724
0.01546441721,0.9041476012,0.01560996921,0.01899059529,0.01833048984,0.01213265711,0.01532428631
0.03123782499,0.6017864958,0.01449076358,0.008977973516,0.007862256391,0.01024963181,0.3253950823
0.01652128058,0.9192775311,0.01091188995,0.01626249094,0.009158634771,0.01386470285,0.01400347695
0.2155798555,0.5631663569,0.03782624134,0.07459167489,0.07485309102,0.01380394923,0.02017885607
0.0412366726,0.8619694472,0.01471466639,0.04457934746,0.01321717504,0.01106549303,0.01321727082
0.01477359722,0.8657634191,0.01928959485,0.01743196821,0.03879238029,0.02610361321,0.01784535857
0.02771317057,0.8909058129,0.01467142516,0.01776643667,0.01376963112,0.01592363012,0.01924991326
0.036094972,0.8693472381,0.01356771367,0.0337610897,0.009881917307,0.01447609411,0.02287097779
0.01242296842,0.8935157507,0.02819755119,0.02137948701,0.01495140604,0.01444489525,0.0150878946
0.3672066802,0.5345612294,0.01953518092,0.01737998896,0.01805725027,0.02084992611,0.02240968179
0.01883873388,0.8928736978,0.01820594832,0.02523746217,0.01636653563,0.01235030834,0.01612733646
0.02134458185,0.9051831161,0.01285298645,0.01288602854,0.01718708403,0.0143114322,0.01623482398
0.02349567556,0.8905896349,0.0182882335,0.02067409273,0.01217088898,0.01726481357,0.01751659682
0.02108273662,0.9147314213,0.009687034005,0.006698450172,0.01218441971,0.02154606357,0.01406981783
0.02302546269,0.8985940282,0.0149792135,0.0162519667,0.01332796217,0.01997610317,0.01384525625
0.03133027568,0.8941614007,0.01484778056,0.02266160919,0.01078223709,0.0137241548,0.01249254694
0.3348816879,0.5815243493,0.02000844672,0.02280552246,0.008713647464,0.01402908731,0.01803723964
0.3154174757,0.6095561631,0.01691257166,0.01119628017,0.01763600801,0.01840774955,0.01087376095
0.006695002212,0.0373440458,0.8763924141,0.01251520246,0.01919848813,0.02350815088,0.02434668218
0.01651600173,0.9159953528,0.01336051141,0.01144802431,0.01328942411,0.0154477481,0.01394287793
0.01875780992,0.8938739389,0.018688597,0.01729770629,0.01404693883,0.01828555859,0.01904945704
0.09918909342,0.834801715,0.01300183788,0.01513276903,0.01082924422,0.01517111565,0.01187423892
0.3593173849,0.4550083752,0.01454592628,0.02494049389,0.06090472751,0.0654634167,0.01981968245
0.03387205338,0.2536282561,0.01595488953,0.04351931486,0.6153343615,0.01980403635,0.01788713084
0.01505747347,0.8909081167,0.01724208654,0.0185762703,0.01140595495,0.02043218568,0.02637794192
0.008014657554,0.8004938003,0.0178253693,0.009823152037,0.009426913311,0.1433797572,0.01103639795
0.01014665648,0.7994788301,0.02366046018,0.01200450764,0.02758005705,0.1066553271,0.0204741501
0.1176686986,0.7838515976,0.01872920512,0.02284043259,0.01122320209,0.02481938582,0.02086745928
0.02269310832,0.8945772125,0.02010557446,0.01599437064,0.01641082399,0.01590819482,0.01431071712
0.05342306834,0.8631949658,0.01497422276,0.02907348119,0.009951503807,0.01793796126,0.01144480491
0.01208758317,0.9075001424,0.01541965301,0.01621076349,0.01591141108,0.01572843974,0.01714195214
0.03361118646,0.8575489783,0.01219864098,0.01500583079,0.0220516538,0.04018296715,0.01940075267
0.008322309912,0.5756329865,0.2900675864,0.0142512956,0.05447604656,0.01761607724,0.03963372201
0.01258651202,0.9069351781,0.01934932021,0.01969241231,0.009914119769,0.01251047344,0.01901201249
0.02194070408,0.9025887581,0.01395156229,0.01272732711,0.01493264748,0.01661059517,0.01724843997
0.02308892695,0.9099887554,0.01321344473,0.01767242829,0.0134105128,0.0103661053,0.01225982542
0.0253649388,0.8915358333,0.01461994079,0.02187973282,0.01315471905,0.01634440182,0.01710044741
0.01943536725,0.9004815207,0.01401262096,0.01717015638,0.01885811492,0.01587549211,0.01416670033
0.03006466108,0.8832606237,0.01594904401,0.01666717981,0.01589354098,0.01738538202,0.02077957291
0.1361086526,0.6530751152,0.01583909442,0.1134775774,0.03999643396,0.02503589831,0.01646719756
0.07531765795,0.8491286677,0.01581585608,0.01434379165,0.01639504348,0.01429448032,0.01470448505
0.01872368016,0.8965853486,0.01537876599,0.01717421741,0.01204938857,0.01723741301,0.02285119365
0.0820362407,0.7866507667,0.02062170017,0.03902181979,0.03952438542,0.01659364339,0.01555146842
0.1688698586,0.7081966449,0.04427298892,0.01615632908,0.03211531493,0.01159144601,0.01879742506
0.01236623325,0.911902063,0.01414272185,0.01638251237,0.0123636841,0.01194902109,0.02089372072
0.1274701428,0.8003368726,0.01080493278,0.03078449666,0.008680892035,0.009950903637,0.01197176176
0.01286028538,0.9148696848,0.0148953997,0.0151792715,0.01181291218,0.01470409295,0.01567836191
0.01298628068,0.9180294418,0.01207913712,0.01373277259,0.01018285645,0.01839894497,0.01459054216
0.07140609761,0.8099912297,0.0133849089,0.02000414943,0.03777050245,0.0217095494,0.0257335975
0.02115699649,0.9021904663,0.01622286547,0.01938576893,0.01211340266,0.01544137032,0.01348914685
0.01310211926,0.8943630994,0.01686932796,0.01645396103,0.01854153591,0.02202658064,0.01864336135
0.2059553932,0.554799922,0.005497113054,0.02973891633,0.06965114891,0.06356226856,0.07079524526
0.01810248275,0.9094951368,0.01228054095,0.02284501027,0.0132208999,0.01096419947,0.01309178657
0.02140218723,0.9110269759,0.01590561739,0.01531226549,0.01134017819,0.01196163995,0.01305121878
0.01585577638,0.8951770016,0.01219263465,0.01746135252,0.01248539812,0.01940186757,0.02742593463
0.01240333289,0.8958744622,0.01852537823,0.01617210328,0.01403583383,0.01554213754,0.0274467747
0.01574833596,0.8985866326,0.02073396906,0.01591727828,0.0172969142,0.01161632818,0.02010055665
0.01363395959,0.911814014,0.009818662391,0.01910887959,0.007914610603,0.01657105144,0.02113884665
0.02113125159,0.8833536054,0.01350863185,0.02035879362,0.01635496554,0.02266983001,0.02262291343
0.08048934176,0.8429428591,0.01502872792,0.02291432542,0.01105715525,0.01441444976,0.0131531251
0.03180911671,0.8807858006,0.0198138848,0.01872653336,0.01368548994,0.01678291732,0.01839626144
0.01773918563,0.9057157516,0.01264949729,0.0143670628,0.012938497,0.02072296897,0.01586703933
0.1392393169,0.7466884331,0.01208491964,0.02302971776,0.01993043013,0.03843729869,0.02058984381
0.01048203335,0.9048476979,0.01371887206,0.01287818163,0.02981857721,0.01251354398,0.0157410668
0.008806472423,0.9139036652,0.01046948674,0.02073729104,0.01221076207,0.01863504693,0.01523725039
0.03384412219,0.8760171172,0.01552090727,0.02381087504,0.02001990124,0.01661596848,0.01417110026
0.07080748889,0.8628669858,0.01252837275,0.01791965295,0.009994912114,0.01540990447,0.01047265308
0.0415646528,0.8622534885,0.0199716088,0.02078105699,0.02142209921,0.01307488353,0.0209322133
0.01607974402,0.9061172248,0.01306255866,0.02170379075,0.00931295606,0.01794267798,0.01578106085
0.03343742564,0.4407209176,0.01077913644,0.01643295022,0.4635771587,0.02117401254,0.01387844152
0.02105597249,0.8920625201,0.01873560373,0.02160204666,0.01474215511,0.01364131219,0.01816033325
0.01602602815,0.8957316998,0.0144891871,0.01756348806,0.01760741581,0.02012732016,0.01845488874
0.01058484852,0.9103123101,0.01452272509,0.01358281042,0.01542042825,0.02147325295,0.01410364126
0.02059087441,0.9063288386,0.01302802585,0.01715782254,0.01510655616,0.0130441531,0.01474371124
0.02236868035,0.5032640092,0.03047842962,0.01118156117,0.4063376832,0.01592205586,0.01044757825
0.03665491772,0.8915599385,0.01321627995,0.01198040299,0.01570388323,0.0138144417,0.01707017566
0.01670311671,0.9195779305,0.01046223988,0.0137184676,0.01046614417,0.01650188044,0.01257022599
0.009372890003,0.909958662,0.0122035492,0.02330694991,0.01908534643,0.01188441159,0.01418815488
0.01649137468,0.9028549678,0.0157120841,0.01728275321,0.01107591292,0.01601657298,0.0205663535
0.1526969431,0.7403914367,0.01794785243,0.0289481938,0.009541451214,0.03448202015,0.01599211113
0.01792917633,0.8966451722,0.01495494852,0.02181741858,0.02001992574,0.01333817437,0.01529514059
0.02507037868,0.9054817303,0.01417372873,0.01233660012,0.01192932903,0.0185042177,0.01250405136
0.01806470129,0.8998214375,0.02783041914,0.01222512374,0.009860331203,0.01386061806,0.01833735077
0.01627241414,0.8525629915,0.01705868608,0.02147638831,0.01351638666,0.02239825275,0.05671481121
0.1946922303,0.7399135588,0.009248164511,0.0124213496,0.01513070661,0.01569555109,0.01289846232
0.1659594149,0.4139201936,0.02074137588,0.1031885073,0.2215260125,0.05523952396,0.01942496767
0.03237956007,0.8893686954,0.01202261437,0.02118231005,0.01171894648,0.01578926876,0.01753861351
0.3398061587,0.5744718551,0.0105237366,0.01829728103,0.02813020894,0.01551912189,0.01325166366
0.1058488823,0.7671099771,0.01502082056,0.01846779439,0.04070467987,0.03211885707,0.02072900325
0.02223944165,0.9062983842,0.01280812182,0.01945870278,0.01183617937,0.01315584366,0.01420336792
0.2641191693,0.6139121858,0.0188716048,0.03499552192,0.03233306397,0.01509278937,0.02067563398
0.01798793882,0.824449375,0.01223546954,0.02527923616,0.05616362786,0.03903475865,0.02484961616
0.01837835097,0.8000366651,0.01147867051,0.01726113392,0.1259777829,0.01046851116,0.0163988527
0.2489370527,0.657590436,0.0143706423,0.009318673083,0.04125145952,0.01302546093,0.01550628977
0.04484995878,0.879697966,0.009846303375,0.0219984193,0.007842658544,0.01990094413,0.01586375666
0.01908875413,0.8021383485,0.01873453567,0.02518764142,0.01002813347,0.05232782824,0.07249475483
0.0333570219,0.8940746829,0.0158356637,0.01775511627,0.01042529896,0.01334486667,0.01520730693
0.01738825652,0.9015940421,0.01659595101,0.01850659408,0.01658848253,0.01201072748,0.0173159504
0.1249940945,0.7990412584,0.01216631559,0.02476691732,0.008020117505,0.01776517208,0.01324608284
0.01073837663,0.7911634555,0.1559647084,0.006682448092,0.007807989455,0.01269173292,0.01495131852
0.01892173995,0.9055777498,0.01682631123,0.01416402001,0.01310441357,0.0163768733,0.01502888756
0.01926245721,0.9258456326,0.009865648254,0.01123176052,0.006574344132,0.01299508272,0.01422508877
0.1709697936,0.615894378,0.04127671237,0.02205456636,0.1167112332,0.01611828813,0.01697511076
0.01694151934,0.8990364514,0.01388202124,0.01912432283,0.01866666935,0.01686601776,0.01548296073
0.01425353431,0.8899854438,0.01279542753,0.03109174126,0.01944846657,0.02156212736,0.01086328291
0.06388390788,0.8776899634,0.01127088383,0.01065493771,0.006791048417,0.01735106005,0.01235821256
0.490394338,0.400807543,0.01057340083,0.02318445268,0.04170663188,0.01880622285,0.01452738708
0.03488014809,0.8751178801,0.01559748552,0.0189121236,0.01168238092,0.01747754013,0.02633242076
0.08219169461,0.8095809455,0.01759651295,0.02207675794,0.02553558609,0.01701320605,0.02600528478
0.01605441014,0.9025052969,0.01602907575,0.0172407094,0.009781860005,0.01766472407,0.02072394342
0.004486475288,0.1065275092,0.02499567655,0.006842239077,0.01294920672,0.8306956205,0.01350328277
0.03042489916,0.8920120513,0.01416919414,0.01756870424,0.02021690436,0.01272631951,0.01288192786
0.01351416745,0.9104788257,0.01417314657,0.01456974048,0.008971993254,0.01786417674,0.02042792821
0.01228788283,0.885048749,0.01246375344,0.01571598104,0.04782976162,0.01455113046,0.012102765
0.0289977095,0.8886846996,0.01538010008,0.01859993534,0.01092187352,0.02014170558,0.01727395357
0.1041635911,0.7992616436,0.01735920042,0.02320803099,0.01317780662,0.02314564447,0.01968408209
0.02137185243,0.9190566735,0.01331150021,0.01651482112,0.007486748352,0.008628983343,0.01362945036
0.01256376359,0.9181138877,0.01528399867,0.01281576374,0.01783029875,0.01206887604,0.01132346543
0.02274554538,0.898526741,0.01387709133,0.01570445453,0.01265216773,0.02139030596,0.01510364532
0.01987942597,0.8481443288,0.009948054997,0.01622414551,0.06690235383,0.01960878922,0.01929288864
0.01355580956,0.9074975833,0.02497699243,0.015266705,0.008955012924,0.01706496276,0.01268290631
0.05427140686,0.8485633791,0.01987630338,0.02439171969,0.01484843914,0.01968885568,0.01835989473
0.03879079316,0.8780428489,0.0156943362,0.01945265424,0.01264941615,0.01527745999,0.02009251216
0.06708527295,0.8464401451,0.0131687311,0.01661240187,0.02475675667,0.01724384899,0.0146928789
0.1173417303,0.7005344715,0.02316058659,0.028157572,0.04956646976,0.05717212543,0.02406704477
0.08097789789,0.8392418747,0.01513618336,0.01646625728,0.01212370549,0.01541549619,0.02063861166
0.04212165715,0.8685540423,0.01800786533,0.02364039456,0.01342455051,0.01780905652,0.01644245269
0.03679645864,0.8651066011,0.01977873419,0.02483560188,0.02227339437,0.01545568948,0.0157534868
0.01509794611,0.9046583369,0.01664162211,0.01886901983,0.01154228193,0.02157878994,0.01161203866
0.01894359944,0.9053069606,0.01451249001,0.01615269098,0.0130615387,0.01611458009,0.01590811754
0.02102492761,0.8801864127,0.011552323,0.02307187104,0.03677651665,0.01540821443,0.0119797065
0.04929774975,0.8825351821,0.01247627453,0.01420787031,0.01465941906,0.01343643436,0.01338705844
0.02490540155,0.9187365243,0.01544694064,0.01100125177,0.009241129189,0.01154167318,0.00912713682
0.01864494271,0.8959686927,0.01824637652,0.01491620286,0.01321967467,0.01932231547,0.01968180082
0.1877272965,0.5118532881,0.01068779573,0.09897147796,0.05984614397,0.1137170734,0.01719694822
0.01203847199,0.9203553108,0.01189812578,0.01474285807,0.009886606821,0.01526927792,0.01580939239
0.01338199074,0.8945832754,0.01847536074,0.01501710675,0.0248788434,0.01405861281,0.01960484047
0.3497326532,0.3261848163,0.02274455048,0.01253294765,0.2440058659,0.02303206373,0.02176706052
0.03391811166,0.8861638446,0.02468814375,0.01903325097,0.01005964282,0.0125456315,0.01359138922
0.01718837436,0.9158020708,0.01160244188,0.01757653449,0.01322687629,0.01317426799,0.01142939799
0.02184281376,0.8444067346,0.01517812697,0.01846445624,0.03598169432,0.05147732502,0.0126488708
0.05940513379,0.8487251297,0.01117940969,0.01995135247,0.02476361045,0.01759412107,0.01838119202
0.02353504097,0.8930190366,0.01426265308,0.03697820789,0.009612744892,0.01181112715,0.0107811284
0.0540761649,0.8690347434,0.01053915094,0.01687678988,0.02547139537,0.01127560245,0.01272618994
0.0205336769,0.5286260532,0.2754710266,0.03186516867,0.1044764374,0.02230964042,0.01671798287
0.3625603942,0.391608942,0.01108430319,0.01797937483,0.1813039724,0.0178888568,0.01757415819
0.02001320132,0.8704447527,0.04096794198,0.009400133514,0.01336169863,0.03517233692,0.0106399399
0.01428205328,0.9087633851,0.01492374841,0.0145350758,0.01952621155,0.01346970705,0.01449977258
0.01194288313,0.9020003152,0.0138711316,0.01777494199,0.02397769896,0.01232368012,0.01810934075
0.2776045482,0.6432328726,0.01629118844,0.01695425918,0.01152539667,0.01706575128,0.01732596349
0.422969302,0.267316635,0.02161858813,0.02721965301,0.2147377484,0.02433959762,0.02179848141
0.03705745174,0.8933684663,0.01233419582,0.01564337678,0.01098343751,0.01648236646,0.01413072178
0.01766361167,0.9173101159,0.0156987862,0.01274724962,0.01183472279,0.008779268807,0.01596621305
0.7963814848,0.1054920193,0.009627605796,0.02593033863,0.02670576444,0.02198372674,0.01387905234
0.03064375364,0.732426089,0.1920125788,0.00752977779,0.01190167428,0.009893120142,0.0155930507
0.01009772064,0.8977680317,0.01676933087,0.02433898798,0.01593748071,0.01710050893,0.01798795434
0.03272025146,0.8966574432,0.01360697528,0.01000231327,0.02003723129,0.01149811051,0.01547767065
0.03547463348,0.878893151,0.01310524137,0.01717183544,0.01356688409,0.02510150745,0.01668679489
0.2854250147,0.650860573,0.01750109058,0.01249557384,0.005139968861,0.01374253693,0.01483519908
0.004966257637,0.7368712071,0.09304482813,0.06371968118,0.04666460432,0.02497439063,0.02975901898
0.1480584607,0.7539864772,0.02534031449,0.01266325275,0.01213580386,0.0277554626,0.02006026503
0.1237576441,0.761329226,0.01954024381,0.02343749811,0.01482125882,0.03640821058,0.02070595548
0.2240390602,0.6743249715,0.01681229379,0.01691031614,0.01867510697,0.01831047908,0.03092772809
0.01399877103,0.9132215888,0.01493358917,0.01617184981,0.01534569561,0.01130648797,0.01502208407
0.02379978917,0.9082378379,0.01363284063,0.01912578359,0.01136454638,0.01253464106,0.01130446491
0.02623854717,0.8909439749,0.01420977598,0.01726755031,0.01613464051,0.01526589839,0.01993958635
0.09335671418,0.8346117588,0.01181479998,0.01691106727,0.009347637995,0.01775419418,0.01620380238
0.02309109204,0.8981196511,0.01444270824,0.01487418112,0.01066683675,0.0213515079,0.01745403678
0.04405357616,0.8324864658,0.01425779055,0.02032784635,0.05564261088,0.01110796005,0.02212372279
0.0861439855,0.8240588147,0.01394822222,0.01320426747,0.01879748541,0.01182734555,0.03201987619
0.008671359868,0.9178537124,0.0114708192,0.0183911175,0.01298075231,0.01657808511,0.01405410398
0.02172003973,0.8914700442,0.01533556731,0.0196496726,0.0169405587,0.01915443297,0.01572968276
0.01318346298,0.7953829288,0.1380859201,0.01922166077,0.008295961162,0.01164388722,0.01418619128
0.02878713396,0.8903984348,0.01044122432,0.01609475112,0.009522320585,0.02196926255,0.02278681915
0.209953639,0.6684801404,0.01078510496,0.04707798328,0.02804040355,0.01783781088,0.01782492764
0.02567237615,0.8669362058,0.02229985288,0.02253423039,0.0145061947,0.02589617489,0.02215492386
0.01767075166,0.9045597536,0.01666968616,0.01609594253,0.0107198821,0.01576910962,0.01851485996
0.1736643383,0.7254891407,0.0230205972,0.02022035228,0.02625208036,0.01350931778,0.01784415381
0.1222096683,0.8052642193,0.007245464606,0.0172323849,0.009706486532,0.02389398578,0.01444777252
0.01107249708,0.9023087775,0.01120172145,0.01227154768,0.03579268819,0.01544634043,0.0119064663
0.1778399106,0.7401053007,0.01609564435,0.01985690106,0.01230747636,0.02000918014,0.01378563257
0.0205438601,0.9001984774,0.01767193205,0.01738102102,0.01551089432,0.01473950995,0.01395425494
0.01327351914,0.8999712608,0.01471786693,0.01683165594,0.023232763,0.01499581813,0.01697712923
0.2693172322,0.6271538401,0.008860450616,0.03293386143,0.02739067239,0.01511812277,0.01922585933
0.01555988932,0.9028688918,0.01436028482,0.01986261166,0.01647302275,0.01304185995,0.01783341246
0.03175892153,0.8901591583,0.01515498502,0.02022475311,0.00969593882,0.01478042215,0.01822582739
0.03204050643,0.8600464646,0.02166751411,0.04929166199,0.008656409988,0.01293599817,0.01536139334
0.1104044865,0.7491841017,0.0180421767,0.03188257914,0.04933797313,0.02119965329,0.01994902814
0.3149159543,0.4602772305,0.02042303066,0.01620787135,0.1636791497,0.01189305934,0.0126036836
0.02439013302,0.8859186222,0.01396817788,0.01666421273,0.02523543726,0.01673501318,0.01708841072
0.1368347442,0.4323838191,0.01366496781,0.06020007925,0.3090044966,0.01793354241,0.02997838827
0.01765805878,0.9052092842,0.01527461641,0.01764493249,0.01237021118,0.01525440471,0.01658847341
0.01571173149,0.9063305152,0.02286244942,0.01329838748,0.01346791354,0.0142761824,0.01405276123
0.01043714718,0.9024226896,0.01908246072,0.01117890125,0.02554797062,0.01878464144,0.01254616827
0.03054593097,0.8835604204,0.01388611744,0.01946772803,0.01858303822,0.01891164382,0.01504511695
0.3030210863,0.5415401942,0.01337185037,0.0469221677,0.01810672035,0.05639617809,0.02064179087
0.01472541457,0.8845133827,0.0134585084,0.01099585976,0.03445574647,0.03214334086,0.009707722138
0.02922686725,0.8736508728,0.0166232959,0.02176633517,0.0159551517,0.02099719507,0.02178033786
0.06188274472,0.8407694662,0.01807555374,0.02748944179,0.02397107402,0.01442871372,0.01338296497
0.01073469236,0.9150775117,0.01344808001,0.01492609503,0.01433250706,0.01558669389,0.01589438744
0.0311622126,0.8875034962,0.01162736468,0.02960183988,0.008947508149,0.01257759901,0.01857997244
0.01810147033,0.8943830134,0.01992799762,0.01643393033,0.01276033159,0.02127878472,0.01711451172
0.01152729539,0.9097681308,0.01420790287,0.02649535325,0.01028280458,0.01173029831,0.01598816043
0.02250423521,0.8907995274,0.01779085913,0.02290182782,0.01872910078,0.01480092234,0.01247350211
0.01445734171,0.8962450238,0.01465981508,0.01404076363,0.01563821716,0.02232397732,0.02263482174
0.02867977315,0.8829572549,0.01664998022,0.01810938539,0.01034808851,0.02097201788,0.02228354827
0.09634784113,0.7805928767,0.0287166815,0.02112590348,0.03237055761,0.02270531612,0.01814082296
0.05787263417,0.8662259207,0.01526373384,0.01316325292,0.02035432088,0.01618039703,0.01093979328
0.03295056982,0.8899162143,0.01412908664,0.01927280914,0.01312871355,0.0156533409,0.01494926224
0.03953768169,0.8711267293,0.02272670099,0.02368853705,0.01398735129,0.009976481674,0.01895649745
0.07388047479,0.8426263599,0.01489840881,0.0295302802,0.008936245577,0.01450120655,0.01562705438
0.02908135059,0.9180090067,0.01188498294,0.007979820994,0.006556381132,0.0087919014,0.01769657191
0.0127811873,0.9227178164,0.01209939094,0.01557863681,0.009956510092,0.01130039756,0.01556612873
0.06284806919,0.8671216679,0.01687686436,0.01387331441,0.009140396736,0.0159848278,0.01415489167
0.14857188,0.780818951,0.009285977685,0.01615249838,0.01820834203,0.01617329632,0.01078906442
0.2475027119,0.6433391108,0.02005321761,0.03828621599,0.01818254075,0.01245404803,0.02018214058
0.04028890024,0.7132664878,0.0167685102,0.07640894515,0.1159585493,0.02250023585,0.014808369
0.2836293791,0.3450426165,0.03108157454,0.01653812444,0.270013518,0.02727487255,0.02641991716
0.01042382061,0.7721374385,0.01497420836,0.03144869977,0.1455766673,0.010800346,0.01463882898
0.0268461369,0.893333952,0.01385200642,0.01785949029,0.01249015723,0.0228591879,0.01275908558
0.01747663906,0.9069458339,0.01452361913,0.01932043348,0.01201260215,0.01520905877,0.01451182147
0.1980555796,0.6635006446,0.01483760946,0.04141950031,0.04517485276,0.01905356474,0.0179582379
0.04342675018,0.8547671176,0.01278594489,0.02293337551,0.03709883087,0.01394510742,0.0150429201
0.02268257494,0.444383718,0.2527180066,0.01497754145,0.2144676924,0.02232311315,0.0284473241
0.009892960519,0.9028498356,0.03666632867,0.009891495631,0.01238567638,0.01243313442,0.0158805904
0.006356993722,0.8734259533,0.03258400042,0.01375927975,0.04193579719,0.01029213712,0.02164582742
0.02626738326,0.3038655407,0.4080907268,0.2006091981,0.02713276772,0.01955416496,0.0144802245
0.05742634468,0.8635317869,0.01839079168,0.01776366866,0.01256342792,0.01450352833,0.01582047715
0.178859551,0.7217301761,0.01706225387,0.01996606171,0.01595050342,0.03247254564,0.01395888213
0.00762039949,0.2228387511,0.05107293983,0.08493056254,0.518900484,0.09135572064,0.02328112229
0.08325381933,0.8517686086,0.01074631716,0.02109250191,0.01028169058,0.01163948874,0.01121755168
0.02329793385,0.8914807348,0.01728950299,0.01847829566,0.01439934988,0.01733423113,0.01771991764
0.01206744548,0.895049211,0.012950099,0.01605076053,0.02145541194,0.01372496677,0.02870213791
0.3573173119,0.07215345899,0.01614620474,0.0321663448,0.484795249,0.01485196877,0.02256945482
0.02580612652,0.88547463,0.02232068902,0.02436367211,0.008665574516,0.01477057845,0.01859873755
0.01633474236,0.9217823568,0.01408666824,0.01091441289,0.008611637609,0.01638977298,0.01188039389
0.02038595353,0.9029728914,0.01926664033,0.01872340796,0.01404549712,0.01241235047,0.01219325238
0.01624903645,0.9051579278,0.01583774676,0.01586686139,0.01311833725,0.01874413794,0.01502594076
0.01206783325,0.9091164736,0.01641134861,0.01863491959,0.0118138359,0.01354228149,0.01841330649
0.101717906,0.8040460825,0.01975905518,0.02380417825,0.01150422772,0.0219919456,0.01717662753
0.3311502958,0.6004110168,0.01175189978,0.01392556968,0.006125964479,0.01943911609,0.01719610972
0.04379786104,0.8444893491,0.02519810125,0.01164810757,0.04982158309,0.01293079729,0.01211424943
0.08757908247,0.5973387361,0.1966381707,0.01092143009,0.06588837366,0.01291113219,0.02872299415
0.03761688598,0.8751000238,0.008648061739,0.01757852937,0.0121701152,0.02883595391,0.02005045325
0.01411515948,0.8941133254,0.01496219477,0.01887809648,0.01923059661,0.01955022186,0.01915042056
0.01779500027,0.9112226323,0.01430768462,0.01158183053,0.00868288474,0.02310168363,0.01330833276
0.02553908215,0.729699052,0.02397864891,0.02112049728,0.1498371702,0.02290032168,0.02692518002
0.03255214796,0.8801777887,0.01684640508,0.02291860799,0.01419351803,0.0168567756,0.01645478163
0.005486401243,0.8737515063,0.03688326473,0.01069113579,0.00866123214,0.03490206022,0.02962436461
0.01320031579,0.9119133238,0.01317682739,0.01401311881,0.0141174194,0.01813385636,0.01544513445
0.1326902924,0.7989907953,0.01709565874,0.008204378547,0.006555284198,0.02252248499,0.01394114634
0.03015960175,0.8202622949,0.01241341522,0.03418655858,0.06783529838,0.01812415353,0.01701869947
0.07393181333,0.8438006792,0.014307421,0.01675399051,0.01340559849,0.01826506905,0.01953540132
0.01582949474,0.909819681,0.01571389366,0.01773083815,0.01137855194,0.01480010228,0.0147274228
0.02168309428,0.9048804794,0.01577907931,0.01026110982,0.0168533838,0.01716895529,0.01337391218
0.01187492613,0.9024242459,0.01369031997,0.02546286165,0.01783332824,0.01454028665,0.01417408245
0.03903246238,0.870576526,0.01372059464,0.01766501511,0.007988302662,0.02685651939,0.02416057962
0.01393841867,0.8689808888,0.01255668787,0.0160940035,0.06569470036,0.008778884886,0.01395640952
0.2217918435,0.7070664296,0.01490553147,0.01990427795,0.009635139968,0.01136883294,0.0153279643
0.3061921963,0.6040765648,0.01124340496,0.02095151931,0.01727649043,0.0230867897,0.01717299173
0.02733868081,0.8766102188,0.01391414754,0.01579603484,0.008206518725,0.023274814,0.03485963092
0.08633879123,0.8583727955,0.01215459363,0.01110642691,0.006419914931,0.01336132516,0.01224617458
0.0298326681,0.8867572755,0.01739503623,0.0220902282,0.01083325045,0.01529743935,0.01779410377
0.01170978901,0.9049801064,0.01442704932,0.01619021264,0.01461067462,0.02272631785,0.01535584929
0.08500197623,0.7275565062,0.02017255116,0.04813168931,0.06661365134,0.0337996053,0.01872398938
0.02032341554,0.8872815718,0.01516336272,0.01448274049,0.01480534453,0.01534082361,0.03260275365
0.03062438012,0.9054158647,0.01285731425,0.01660274429,0.01577157215,0.009552377984,0.00917571242
0.02104878798,0.913219507,0.01370775861,0.01587059435,0.006959982047,0.01513523238,0.01405808887
0.03802263587,0.8483599303,0.01431995739,0.03102217637,0.0225899709,0.01502089767,0.03066445157
0.02937568482,0.8527055623,0.02020534812,0.02325232402,0.01825577743,0.0298306791,0.02637461371
0.0225783184,0.8862201939,0.03891833136,0.01883688022,0.006736246851,0.01413844357,0.01257159144
0.01078435163,0.9269055222,0.01319733871,0.01234483204,0.01079445377,0.01558174496,0.01039165726
0.01891651328,0.9016857987,0.01696600507,0.01540952368,0.01449279831,0.01615984618,0.01636949036
0.02157516758,0.8951029131,0.01692026326,0.01681576393,0.01189693115,0.02025233685,0.01743654618
0.01305639354,0.9005060763,0.01286126706,0.02510280455,0.0113461742,0.02025997904,0.01686729099
0.02347322394,0.9232840937,0.010729245,0.009489550591,0.008248633866,0.01252875138,0.01224642911
0.0189617323,0.9046729379,0.01592743908,0.01629054863,0.01185235423,0.0181172969,0.01417768272
0.7250619156,0.1611846139,0.01149139718,0.05278871615,0.01982727531,0.01543419828,0.01421189789
0.005305227275,0.9008763147,0.01402731248,0.007834191632,0.0423857989,0.01888418178,0.01068704948
0.0199597494,0.8947339421,0.01509513075,0.02032612356,0.01712095295,0.01533944711,0.0174246678
0.3699090526,0.5171336587,0.02840310216,0.03032906135,0.01222873166,0.01865942935,0.02333700536
0.01933443593,0.4699964633,0.0517768948,0.06313217163,0.3506489356,0.01856617874,0.02654491889
0.02771366809,0.8845225327,0.01217173623,0.02299357983,0.0242682238,0.01603935388,0.01229093478
0.0964030706,0.6140282352,0.04525148437,0.01742477805,0.1871323732,0.01014468565,0.02961534046
0.02866388178,0.8095833596,0.01637882302,0.01193406908,0.1087412779,0.009198105153,0.01550051951
0.01691600366,0.3677570542,0.03540769326,0.02453757283,0.5192687589,0.01824018051,0.01787279253
0.1869253579,0.6898480918,0.01766187523,0.03958658622,0.01780771558,0.02804191183,0.02012848472
0.03215302414,0.8915041639,0.01426655738,0.0173453346,0.01007803002,0.02077035844,0.01388254809
0.04230806509,0.8644412262,0.01636451114,0.02582923766,0.01403877033,0.01628751308,0.02073070453
0.1957124269,0.4561503899,0.1317362808,0.06233861109,0.08237068833,0.05378591021,0.0179056536
0.02077140591,0.9086547296,0.01425280148,0.01484862704,0.01210438427,0.01493862525,0.01442946558
0.0268702329,0.9033462007,0.01328918366,0.01646964253,0.01063510511,0.01818314215,0.0112064679
0.02704527683,0.9000917919,0.01506464957,0.01835212668,0.01089127309,0.01359855557,0.01495632193
0.01867866631,0.9175005202,0.01219741344,0.01685603882,0.01046113733,0.01086857151,0.01343765419
0.0298188569,0.9012893363,0.01517965803,0.01442930281,0.006439111807,0.01622807847,0.01661566966
0.01410740253,0.8984477664,0.03657228745,0.01625172016,0.01052980558,0.01292227916,0.01116875345
0.2354039965,0.6569491922,0.0231133935,0.02187367133,0.03014965779,0.0155107676,0.01699932514
0.02263818681,0.8931827177,0.01514038097,0.02561571451,0.0140410125,0.0128799362,0.01650208759
0.02851982965,0.8892183024,0.01376302923,0.0261474232,0.01805892575,0.01039711574,0.01389539648
0.0650634214,0.8340542556,0.02199272169,0.01832101469,0.01481213927,0.02942053324,0.01633591506
0.01778983866,0.8981210769,0.01315894615,0.01782430989,0.01744420299,0.01349486996,0.02216676127
0.05875020909,0.8451508363,0.01649262215,0.02364380155,0.01771215213,0.01880731244,0.01944306217
0.01870668898,0.6949551747,0.01409511769,0.009288843117,0.2228868914,0.02645293506,0.01361428926
0.02232353892,0.7659801635,0.0289053277,0.1137113255,0.01748936757,0.0404536494,0.01113670883
0.005149753787,0.890227073,0.01155835183,0.01512099259,0.04847184728,0.01213603249,0.01733597922
0.02116349292,0.8780698058,0.0214285049,0.02414121807,0.01653778987,0.02235828101,0.0163008867
0.006219919269,0.2885954888,0.01095158724,0.03882723187,0.6155016406,0.01130568897,0.02859844272
0.01264898322,0.9044014741,0.01673890855,0.01269182174,0.01836493838,0.02021860488,0.01493524419
0.009789819449,0.9063967104,0.01474371902,0.01214524969,0.01123793103,0.03037753554,0.01530902421
0.01945715844,0.8977175691,0.01504930642,0.01503131425,0.01351055279,0.01251261038,0.02672150995
0.02372475934,0.5286355591,0.01446116015,0.01301374689,0.3935438194,0.01060232369,0.01601866273
0.01176323465,0.9140006041,0.01530361518,0.01458434099,0.01297787282,0.01786598677,0.01350437755
0.01023568223,0.9052987109,0.01435061404,0.01355903631,0.02281729284,0.02076482238,0.0129738061
0.04203492287,0.8921383564,0.009616760405,0.01885733959,0.015488448,0.01263567993,0.009228504891
0.01120298616,0.9206423659,0.01550249866,0.01568857116,0.009972398825,0.01093663513,0.01605457688
0.01534128815,0.857742133,0.04624545971,0.01481562151,0.01564283579,0.03200994604,0.01820275822
0.01544618227,0.9034253081,0.01374749094,0.0144650072,0.01962848151,0.01629710448,0.01699046
0.01813551764,0.885203906,0.01640502094,0.02014315929,0.02620320815,0.01675134186,0.01715782785
0.1418603473,0.5028390043,0.02337490902,0.019706366,0.2750109285,0.01568754021,0.02152095138
0.03259094869,0.8666100334,0.01455073135,0.02128358005,0.02875033098,0.01224090289,0.02397345224
0.01351576793,0.7702037459,0.01913858649,0.02293815235,0.1332577235,0.02344645449,0.01749951541
0.4474657927,0.4540616042,0.0138917438,0.03375011279,0.009413572027,0.02175696332,0.0196601806
0.01373532851,0.9238016734,0.01206673776,0.01559353667,0.01296380018,0.01098360794,0.01085531924
0.2624919508,0.1230749844,0.01329558675,0.01992670733,0.5485964319,0.01552394787,0.01709037906
0.2723441859,0.6242832675,0.01442135739,0.03169576565,0.01136605793,0.02944512806,0.01644424143
0.144967074,0.7469401573,0.02405740995,0.02314791073,0.03506118802,0.01399723644,0.01182904426
0.03778475695,0.8832564985,0.01698490694,0.0211903119,0.0107601029,0.01665902815,0.01336439716
0.007011406009,0.5120591114,0.01701620563,0.006712592735,0.007936761482,0.441697766,0.007566174095
0.06998441653,0.8220430607,0.0134773973,0.02353646069,0.04422842192,0.01270379298,0.01402644395
0.01787546825,0.9024270306,0.01582872645,0.01950083803,0.01361989698,0.01529896018,0.01544910002
0.03732778969,0.8899223161,0.01193600202,0.02111378313,0.009221630599,0.01522708076,0.01525137971
0.00847046227,0.9202043391,0.009000046739,0.01452505477,0.02149479368,0.01535830106,0.01094700144
0.0264703385,0.9090315438,0.01156478183,0.01202486481,0.01069917928,0.01715557675,0.01305368915
0.02374463655,0.911294141,0.01447325112,0.0158201498,0.01079063087,0.01087881295,0.01299842395
0.7480600677,0.1711230939,0.01662519818,0.01366801101,0.02054429522,0.01498809652,0.01499125469
0.008529889417,0.9369975909,0.01642695771,0.01015000092,0.007700241588,0.01250778033,0.007687480782
0.02996252882,0.8824541168,0.01180946427,0.03511679565,0.01115709907,0.01641170127,0.0130883287
0.5564781813,0.3762461772,0.01393232695,0.01534821831,0.008251575025,0.01564817401,0.01409534759
0.0247997824,0.2328915594,0.1528017618,0.05616717176,0.4898995466,0.02629459918,0.01714553109
0.01941676604,0.8763103662,0.01375083898,0.009418466938,0.007408805531,0.05467497694,0.01901974343
0.01301142266,0.9131461523,0.01619122897,0.01687234075,0.01567359051,0.0123451328,0.01276007249
0.008619683155,0.9152009157,0.01469242404,0.01905928353,0.01254141472,0.01271007971,0.01717619864
0.2495048531,0.6687287525,0.01559589622,0.01484631175,0.02406178279,0.01449886146,0.01276354624
0.1380627235,0.7771552067,0.01668779811,0.01595196844,0.02367981281,0.01339474587,0.01506774391
0.03263845094,0.8780495005,0.0165801442,0.01993019144,0.02246734911,0.01350327824,0.01683110349
0.1339115937,0.7887893652,0.01888973546,0.009856147107,0.02030800169,0.0159333189,0.01231176893
0.1625498218,0.6145505536,0.01670956493,0.03008004039,0.1397231409,0.01716377055,0.01922313555
0.04357497449,0.8201239967,0.01638892151,0.05147075607,0.03195009346,0.02436050006,0.01213074347
0.009758391418,0.9165414481,0.01050231027,0.01350810297,0.01089825239,0.02259639451,0.01619506993
0.04596361325,0.8667030037,0.01266735873,0.01520819834,0.009637083692,0.03200387731,0.017816904
0.008081763803,0.8830588246,0.01409679298,0.01006359665,0.01375025281,0.05002919858,0.02091950016
0.03356914269,0.8706281796,0.01832682736,0.02371089719,0.01504472191,0.01757374884,0.02114651309
0.1069257435,0.5954503512,0.1936612015,0.02025480587,0.04510993424,0.0276509584,0.01094702028
0.03546345488,0.8633608216,0.01589340021,0.01986123031,0.03826830586,0.01253101706,0.01462177125
0.03138695167,0.8889100454,0.01398814956,0.0206174377,0.01410142822,0.01510066013,0.01589530393
0.048251419,0.8860975513,0.01225397728,0.01934728503,0.00995925295,0.01223754692,0.01185295274
0.01907480558,0.9061712938,0.01145047755,0.02023158901,0.01643698992,0.01224255766,0.01439222587
0.03101481233,0.8617101077,0.04928222321,0.02239392915,0.0119863758,0.0101967598,0.01341576994
0.02964564842,0.8930713171,0.01358063802,0.01562277075,0.01202526817,0.01775442216,0.01829991897
0.05088693983,0.8255956107,0.0109740622,0.02578122905,0.05210916671,0.01173968951,0.02291336365
0.1224973058,0.7323306707,0.01696675465,0.04572313516,0.01250353176,0.05572477557,0.0142538638
0.01630031775,0.9028099684,0.01284180867,0.01580396142,0.01932287571,0.01149207989,0.02142899349
0.0231137009,0.8833536974,0.01718204981,0.01891438537,0.01532733304,0.01971910482,0.02238966935
0.3672029293,0.5433165371,0.01434140856,0.02426964306,0.00513451692,0.02015511655,0.02557986203
0.01185431975,0.9021471736,0.01639639943,0.01771385035,0.01404231626,0.01797561798,0.01987031956
0.008939681381,0.9359778147,0.0122770359,0.01066120829,0.01236320804,0.009616210519,0.01016480771
0.03208388769,0.8932777319,0.01618672578,0.01585997379,0.01479523935,0.01196395755,0.0158324478
0.1300581417,0.653365621,0.0112353219,0.02406351744,0.151723977,0.0139401447,0.01561330845
0.03121797311,0.1083150171,0.051070094,0.02992007945,0.740590803,0.02331007949,0.01557595351
0.08140140249,0.827679435,0.01601082255,0.02241947978,0.01264524021,0.01887848346,0.02096514471
0.007123003825,0.9164567584,0.01361618479,0.02091903259,0.02072092596,0.008630807489,0.01253329712
0.04958064696,0.8423242191,0.01619199266,0.02582526572,0.03572010595,0.0168486047,0.01350912228
0.01049906115,0.8956807122,0.01704378176,0.01502273696,0.01455368453,0.02417773879,0.02302226638
0.02223798,0.9033292027,0.0134735626,0.01563366481,0.01425108823,0.01692992439,0.01414453465
0.03780640844,0.8638666727,0.01337214476,0.03076202619,0.02745090413,0.01254742305,0.01419440292
0.02315971227,0.8901013625,0.01333182494,0.01750315717,0.02311218322,0.01478225212,0.01800954881
0.05776620674,0.8671221007,0.009425510015,0.01713549881,0.01680324336,0.01172725356,0.02002018913
0.008904982959,0.9072292124,0.01539769766,0.01373285376,0.02825227095,0.0153277819,0.0111551562
0.02773695671,0.8907650451,0.02115509432,0.01644020247,0.01309568492,0.01333257828,0.01747447384
0.03613266988,0.466160365,0.01786818265,0.05791197228,0.3529675376,0.03129635208,0.03766292835
0.07485808809,0.8349914395,0.01505872272,0.03311206032,0.01704588323,0.01200146188,0.0129323294
0.04068523854,0.533481234,0.03325734666,0.0406285097,0.2908970628,0.03181205581,0.0292385637
0.6248105275,0.2575520207,0.01522924898,0.02949851238,0.03765286572,0.01661630522,0.01864055148
0.3635534713,0.5402546238,0.01697375785,0.02292414305,0.009731899224,0.02340438135,0.02315773662
0.1875534776,0.726608881,0.01085741663,0.03251192205,0.01073585746,0.01773899236,0.01399345311
0.2524699955,0.6720917851,0.01393148345,0.009828787978,0.009296789647,0.02601230453,0.01636884879
0.09974437989,0.8166996017,0.01722809913,0.01370117813,0.009846724183,0.03029120237,0.01248880044
0.02119382362,0.9042813223,0.02148018914,0.02041941859,0.006858073837,0.01279514521,0.01297207187
0.03952204707,0.878910024,0.01534252583,0.01390965736,0.01415447442,0.01740490256,0.02075640778
0.1225325196,0.7278102814,0.02676290395,0.01900524797,0.07001580846,0.01665177653,0.01722149026
0.01938901494,0.9189475805,0.01450168373,0.01302310433,0.009251839688,0.008006186235,0.01688061192
0.05277979792,0.8517606507,0.01570859024,0.03404981252,0.011989263,0.01742582986,0.01628608774
0.06084782568,0.816221091,0.02447608592,0.009159815243,0.05452748115,0.02254511299,0.01222261111
0.02053109421,0.91514334,0.01159936649,0.01536686146,0.01446239714,0.01109221967,0.01180473644
0.0416049949,0.8821827488,0.01512431185,0.01229715477,0.01522152037,0.01740793559,0.01616133474
0.4240409492,0.4554057124,0.02210088046,0.01629256426,0.04881917,0.01587096802,0.01746972882
0.008929948893,0.8360167293,0.008670193033,0.0215992536,0.02651495121,0.08759345311,0.010675406
0.01116152894,0.8487233785,0.08089153316,0.0106579993,0.01768424748,0.01510511349,0.01577618294
0.02061864157,0.2233221637,0.02631359267,0.03647233548,0.02572940748,0.09224029386,0.5753035188
0.04205513942,0.8450889625,0.05086415883,0.02088507459,0.01171201326,0.01244649522,0.01694819739
0.193290479,0.6848363422,0.01400886921,0.02437040893,0.0165105076,0.04573307545,0.02125036143
0.007851569872,0.864459114,0.01115324436,0.01751928184,0.01614129967,0.05858835161,0.02428714135
0.03217963277,0.6945262993,0.09539923746,0.01088988214,0.1537375962,0.005718586404,0.007548733063
0.01019915706,0.9200646991,0.01322230634,0.01505519702,0.01595212664,0.008802068895,0.01670446206
0.01465341507,0.923534181,0.0155404578,0.01357731713,0.008045727653,0.01036700464,0.01428188015
0.007253179038,0.9175378236,0.01232063929,0.01205202296,0.017980454,0.01406206735,0.01879379603
0.01345152581,0.9148897413,0.01057366467,0.01843282164,0.01040194637,0.01867654415,0.01357374214
0.0416370475,0.8818818249,0.01364589299,0.01492694887,0.01035789878,0.01705599995,0.02049439388
0.03063760843,0.8600461153,0.01941099757,0.02259481132,0.01625306704,0.03004409951,0.0210132992
0.04055505019,0.8764265326,0.01464247752,0.02639624923,0.008380480424,0.01807133558,0.01552789017
0.03156728318,0.7790245351,0.01369103404,0.01989912719,0.1305949186,0.01403919396,0.0111838508
0.01436143906,0.9231933519,0.01260824167,0.01706383948,0.006372681189,0.01172783311,0.01467261983
0.026650565,0.8981749838,0.01290971902,0.01468332158,0.02405086694,0.008997395798,0.01453315878
0.03490035638,0.8871960374,0.01614656351,0.01703071712,0.01318476834,0.01771016432,0.01383138505
0.02309518162,0.890196527,0.01463396543,0.01057803124,0.009281014065,0.03770515869,0.01451014349
0.02334562271,0.911713134,0.01313434102,0.01457460752,0.009770479499,0.01241007581,0.01505175821
0.01320409588,0.9093633067,0.01410914206,0.01443196908,0.01608605535,0.01357922236,0.01922619936
0.01071770577,0.9033127803,0.01427257138,0.01286503096,0.02818795266,0.0166854453,0.01395855148
0.02573385717,0.8996640036,0.01527886867,0.01652802522,0.01248222636,0.01565262037,0.01466043304
0.01374523951,0.9114121262,0.0138825884,0.01388947474,0.01622392869,0.01601852493,0.01482806862
0.05608677471,0.8299058422,0.01481295132,0.05721067031,0.01525888807,0.01215797579,0.01456689272
0.02131697493,0.8897157285,0.01735379234,0.01875516735,0.02316907022,0.01340388041,0.01628538768
0.05542257936,0.5772562415,0.01762520489,0.01856752234,0.01458771579,0.01780046078,0.2987403148
0.02776132123,0.881072214,0.01471406409,0.01757499024,0.0151319169,0.01887607904,0.02486930189
0.01194673903,0.9138399877,0.0135482644,0.01719279323,0.009693614673,0.01448883855,0.01928978672
0.0168993825,0.904380627,0.01310266208,0.01297001389,0.01129560536,0.01776240518,0.02358932346
0.01227345797,0.9050831517,0.02097914186,0.02701303218,0.01101293608,0.01319974476,0.01043851029
0.0816502515,0.8243931125,0.01532825803,0.02188465736,0.0186068973,0.01938644183,0.01875034377
0.02372954732,0.8874526021,0.03157624223,0.01864174666,0.008180354694,0.01454982377,0.01586968993
0.01423204352,0.9372978241,0.01036468284,0.008189038228,0.005903630394,0.008889016904,0.01512379821
0.01659347068,0.9083230256,0.01678931101,0.01886727255,0.009284267997,0.01443244664,0.01571014254
0.01258912009,0.9107969508,0.01631212951,0.02078382858,0.01135489277,0.01156080019,0.01660226938
0.06295335612,0.8608060856,0.01474059163,0.02442374482,0.008986188105,0.01192782931,0.01616224589
0.01419118179,0.912847788,0.01172460224,0.01219985969,0.01351553799,0.01757531559,0.01794566904
0.04523803766,0.8689853588,0.01298506521,0.02984930161,0.009821172088,0.01912625666,0.01399476193
0.01246554691,0.911209956,0.01294479244,0.01562135856,0.01198537644,0.01938220783,0.01639081805
0.2355116255,0.5153703949,0.1647747703,0.03129955194,0.01253059653,0.01548044213,0.02503263024
0.02916527135,0.8891048205,0.01338261534,0.01615500503,0.02722828833,0.01301098163,0.01195302452
0.01717031035,0.8910395359,0.01362295835,0.01519525454,0.02043722709,0.02277289131,0.019761833
0.01096713194,0.8866396374,0.0163473806,0.0134802162,0.03883764768,0.01637402311,0.01735394795
0.02571438837,0.8976670376,0.01464381343,0.01273091293,0.009760675054,0.02223522203,0.01724792982
0.01559356257,0.9163188289,0.01748608454,0.01367681452,0.00891420579,0.01382870748,0.01418178909
0.005985703868,0.8999690663,0.01255142994,0.01605078988,0.02253925857,0.0119487092,0.03095504221
0.01873380088,0.9118356864,0.01438056677,0.01349169473,0.01144564571,0.01206725254,0.01804536288
0.03136842667,0.825218867,0.01454671389,0.04116464301,0.01128491337,0.05198668185,0.02442974079
0.0294080871,0.8933338654,0.02461959579,0.01464136199,0.009990284833,0.01399899756,0.01400785196
0.07751178964,0.8024137445,0.01008647119,0.02196976485,0.06574824686,0.009847881754,0.01242205479
0.02008695016,0.9199214493,0.01065215081,0.01215579892,0.01194307825,0.01289567977,0.01234490201
0.01219634355,0.9201879976,0.009719681762,0.01346391558,0.01759169064,0.01174079708,0.01509960611
0.02235947101,0.8843311406,0.01744228559,0.02002926277,0.02038158688,0.0155485104,0.01990772396
0.02387342414,0.9128020032,0.01148961233,0.01358979309,0.01016251963,0.01547853136,0.01260417129
0.04230834737,0.8964973721,0.01241180335,0.01353936597,0.009801344302,0.009382691507,0.01605907588
0.01156625309,0.9075627735,0.02676515279,0.01165607782,0.01103041866,0.01766979859,0.01374955708
0.5349133537,0.3777253153,0.01080327211,0.02736688852,0.02069036583,0.01504371456,0.01345709059
0.02024774605,0.9026335474,0.01412532784,0.0173850149,0.01328742944,0.01228667402,0.02003424523
0.9472694447,0.009633371054,0.007846726661,0.01095243932,0.005635729772,0.01006506122,0.008597265289
0.02129742085,0.8945450685,0.01706073521,0.01653291538,0.01337293663,0.02071727312,0.01647363857
0.06060308401,0.8606137246,0.01418863488,0.01783868592,0.01676455574,0.01270881495,0.01728256322
0.01809245392,0.9209855617,0.01953221043,0.01016655076,0.01164362861,0.01004331002,0.009536313909
0.04622305344,0.7558500804,0.01942142629,0.01083693629,0.02915293056,0.109657779,0.02885779895
0.02835560067,0.8912413103,0.01523564555,0.01746609828,0.0118838249,0.02276650373,0.01305105261
0.04324996536,0.8732810187,0.01219155942,0.02141782641,0.01219839037,0.01917326367,0.01848795813
0.02376998665,0.6522215912,0.02019508153,0.03067689536,0.01603951692,0.01932179268,0.2377751375
0.1947002627,0.7292634568,0.02212660979,0.01642228267,0.01548051938,0.01050377293,0.01150306908
0.01135214353,0.9035741349,0.01526376825,0.01704421433,0.01659270159,0.01939485251,0.0167780917
0.023673272,0.8909955553,0.01369813211,0.02273359906,0.01410131946,0.01710886909,0.01768921049
0.01049925277,0.7572397818,0.1543703626,0.01967411185,0.01847903567,0.0133687973,0.02636865961
0.0355362787,0.8066467003,0.03835448398,0.01987377916,0.01796117765,0.006883542534,0.07474408061
0.02168756247,0.7073591247,0.09346353499,0.0258249918,0.1191987454,0.01659665838,0.01586935427
0.1608010794,0.656654529,0.07571799013,0.02003422444,0.04085514373,0.0208606467,0.02507633843
0.0934447526,0.8389137318,0.01285198189,0.01881666829,0.009752955904,0.01246656684,0.01375335304
0.01183216135,0.8587946524,0.01024505673,0.008589445929,0.01114606539,0.08388832017,0.01550432025
0.09087881782,0.8342017507,0.01892563109,0.01395287837,0.01675274146,0.01157952005,0.0137086593
0.02134647399,0.9124780365,0.01528842322,0.01255403192,0.01018660513,0.01265356548,0.01549284434
0.01421158498,0.884493411,0.011850426,0.02006215251,0.04445148949,0.01128571057,0.01364516732
0.119915489,0.7776229147,0.03145717504,0.01438420368,0.005816269449,0.02429522214,0.0265087512
0.02478378681,0.8910280054,0.01629683633,0.01656620644,0.01389430077,0.01820841613,0.01922247877
0.02877578972,0.8942773752,0.01474555056,0.01788877332,0.01323563817,0.01379924145,0.01727770566
0.03160823804,0.877393599,0.02084097393,0.02151189428,0.01324609968,0.01886864409,0.0165305327
0.01588222459,0.8944577397,0.01354345037,0.0162160542,0.01291064207,0.02591733143,0.02107258746
0.02025803417,0.9011498862,0.01614700194,0.01807283246,0.0105537685,0.01412567514,0.01969284071
0.03002388557,0.8834065402,0.0127577314,0.0207685922,0.01145839745,0.01844918717,0.02313565928
0.02083922629,0.8969561198,0.01284265858,0.02293585279,0.01163639262,0.01712988391,0.0176598931
0.02002282102,0.8998419336,0.0135348992,0.0146590676,0.01980214993,0.01813472443,0.01400443651
0.1232562389,0.4136660925,0.04147172064,0.02038018238,0.3457314461,0.01277585552,0.04271849699
0.0629861503,0.8663009603,0.01204888624,0.01970859829,0.008609603993,0.01868008828,0.01166574494
0.02315141182,0.8931786795,0.0150589716,0.01967548375,0.01350389213,0.01584033794,0.01959120617
0.01453254256,0.8981206785,0.01750423727,0.01860700585,0.02008936046,0.01737800269,0.01376823558
0.01375051229,0.9001809055,0.01709483165,0.01674093103,0.0170263604,0.01887989652,0.0163265529
0.01860857068,0.8725892567,0.01873646247,0.01651566274,0.01666821177,0.04052040194,0.01636144703
0.02734187845,0.8760016428,0.01953876367,0.01849336094,0.01499726113,0.02151269232,0.02211440169
0.02146143984,0.8876983963,0.01641446861,0.02160388436,0.01545357552,0.01501874106,0.02234950121
0.1110368986,0.7878193547,0.01694399534,0.02310170185,0.02546266038,0.01807422682,0.01756118804
0.01360819768,0.8928765783,0.01445732091,0.01878052911,0.01558269725,0.01657513568,0.02811955117
0.01728138994,0.8828539264,0.0132948589,0.02043990992,0.02321124972,0.01647318721,0.02644547712
0.01336421258,0.9392281267,0.008715936221,0.007001839978,0.004270924031,0.01753702698,0.009881845841
0.004239084035,0.9020197073,0.03380292934,0.01477991453,0.01568048186,0.01146217351,0.01801567518
0.02024670607,0.8937518022,0.01693412414,0.02623636365,0.01188463526,0.01618321625,0.01476310866
0.004220194699,0.2218468257,0.02720445836,0.02179383292,0.6810067197,0.01597273168,0.02795519204
0.04455854334,0.8890714716,0.0156148492,0.01529594951,0.008138824671,0.01345058146,0.0138698202
0.01684829938,0.914356749,0.01446631051,0.01651102667,0.01322228602,0.01167413263,0.01292121146
0.02017093798,0.9061762724,0.01403670638,0.01749011058,0.01277837176,0.01500317144,0.01434442372
0.02406013796,0.892533736,0.01556009343,0.0213113842,0.01058051131,0.01969971444,0.0162544423
0.01556332758,0.8910852384,0.00732276795,0.03390217722,0.0311858809,0.01489982257,0.006040782089
0.01391985665,0.9199798668,0.01157612247,0.01779500136,0.009008707083,0.01550554044,0.0122149399
0.02489123399,0.8939017363,0.01596052723,0.01916182931,0.01319967569,0.01460384336,0.0182811989
0.3568048984,0.382618253,0.01373525469,0.0387899284,0.1793151581,0.01332550289,0.0154109841
0.005479435229,0.8233604721,0.08843936871,0.01070171804,0.02114951438,0.03079897923,0.02007043118
0.01447162375,0.89512262,0.01784493839,0.02146203849,0.01600134719,0.01719571516,0.01790167378
0.02160588709,0.9092133526,0.01531903881,0.01473768986,0.008287367996,0.01540483389,0.01543185796
0.01111233456,0.788053223,0.01830964013,0.01610269747,0.1347102639,0.01814162239,0.01357017858
0.01447187951,0.8999632621,0.01384813673,0.02091078566,0.01705021116,0.01790763374,0.01584812185
0.01740186163,0.8917729785,0.01637902746,0.0230476521,0.01420339278,0.02150700889,0.01568808766
0.03901288387,0.8758697178,0.02431885128,0.02034683864,0.01079639864,0.01721878515,0.01243646607
0.01822689201,0.9022290461,0.01411487076,0.01621848322,0.02050643782,0.01548650253,0.01321776176
0.0235991426,0.8697645559,0.01524255862,0.0122987781,0.01394451311,0.0322286312,0.03292187052
0.01571105857,0.9151998113,0.01300341929,0.01176007759,0.01082629781,0.01605955282,0.01743976535
0.01473856172,0.8980760361,0.02887708825,0.01000062548,0.02816540533,0.01000721201,0.01013510006
0.01821957621,0.9090547875,0.01197240128,0.01407071939,0.0188196405,0.01181403071,0.01604879902
0.01815482311,0.9153379364,0.01546232716,0.01411816165,0.005813146698,0.01610573299,0.01500787684
0.01530373446,0.8011965826,0.02696374741,0.006168247839,0.1026623951,0.01762314122,0.03008220012
0.007382685819,0.8238119402,0.09738765193,0.01157994447,0.01962081582,0.02459865798,0.015618252
0.01135378777,0.8986750424,0.03278627639,0.01443404197,0.01052688525,0.01474536627,0.01747856207
0.01404881345,0.9070859127,0.01221543759,0.0116617867,0.02353896869,0.01942043942,0.01202866159
0.02087893763,0.8931806879,0.01662131065,0.01804381732,0.01430870852,0.01805053738,0.01891601366
0.01533829909,0.9063351699,0.01362740153,0.01765132739,0.01513617358,0.01241306525,0.0194985772
0.05830721552,0.8373400933,0.009200667971,0.02241381074,0.01467145315,0.009618682112,0.04844807407
0.0307874704,0.8899063583,0.01335121763,0.01925131313,0.01762808702,0.01113703154,0.01793850166
0.009746121076,0.4854255375,0.4504703736,0.01165360787,0.01463039486,0.0140545305,0.0140194362
0.01339425785,0.9414730952,0.008089631072,0.01032169248,0.008743631206,0.009419607542,0.008558045722
0.2544078764,0.6506502929,0.01178757913,0.01375551666,0.03888307073,0.01822364687,0.01229205023
0.1034066213,0.8339258176,0.01499219194,0.01296433075,0.009518628909,0.01223678696,0.01295567012
0.0180262054,0.8982681941,0.01443370034,0.01611869644,0.02149343054,0.01589010868,0.01576970247
0.004553927014,0.9252048648,0.01623279065,0.0113550641,0.01102327972,0.01794365255,0.01368641926
0.02174946804,0.9039845686,0.01461732063,0.01411512692,0.01504001835,0.01641110778,0.01408238732
0.01664299656,0.9081310514,0.01445364186,0.01562483758,0.01523073297,0.01486723473,0.01504946582
0.05433272325,0.7565282514,0.04291384587,0.01446725456,0.09161001434,0.02105839328,0.01908952388
0.02666203346,0.9017011702,0.01198398054,0.01798451247,0.009714954505,0.01780652593,0.01414680124
0.03328792698,0.8869501515,0.01482699707,0.01819445664,0.01420270164,0.01764111964,0.01489661734
0.0589497661,0.8597537537,0.01482608356,0.01931327824,0.008845343307,0.02188195398,0.01642985108
0.01451311602,0.9085416439,0.01487360822,0.01541125973,0.01634015393,0.01480942897,0.0155108176
0.007896305267,0.8908064588,0.02585306966,0.02206464959,0.01574753542,0.01776984678,0.01986210185
0.01747542157,0.9219375787,0.01345547322,0.01407816555,0.009353588432,0.01267093256,0.01102888044
0.04560050911,0.7913760495,0.01126894449,0.02346711773,0.09722268818,0.02088786116,0.01017683906
0.03096657315,0.8701602949,0.009358259669,0.02276607779,0.03398763978,0.01565376122,0.01710742181
0.01139761772,0.8653852821,0.01896439494,0.01934794647,0.01480760801,0.05411564904,0.01598151255
0.2459121131,0.6670258011,0.008053777155,0.01398817352,0.006162871884,0.02715773423,0.03169953551
0.01065791613,0.9190215043,0.01163835361,0.01077960933,0.007670164081,0.02297034255,0.0172620989
0.4450569928,0.4293940743,0.01985216385,0.02027753399,0.0448584587,0.01833960013,0.02222116971
0.03748677456,0.8777263726,0.02062846602,0.01627856265,0.01564997805,0.01413701872,0.01809285309
0.009431886534,0.9042226186,0.01675824927,0.01867364914,0.01697362546,0.01641788226,0.01752208646
0.02677773139,0.9000532785,0.01384009271,0.01523794844,0.01072829091,0.01222659787,0.02113607104
0.01685216962,0.8979518712,0.0147428011,0.01667974715,0.01384401184,0.02149116729,0.01843825358
0.02509126929,0.8980116806,0.01252773119,0.01450511247,0.01532505337,0.01685425718,0.01768489382
0.009751489603,0.8010288281,0.1285682407,0.01208860169,0.008177014834,0.01891510029,0.0214707278
0.007799817611,0.9016832725,0.01456074356,0.01722447167,0.02417800209,0.01570421382,0.01884948278
0.02340665336,0.8962660339,0.01361472573,0.01721504798,0.01877890613,0.01615010553,0.01456854
0.02012766321,0.8878958427,0.01967073921,0.02179550316,0.01554820226,0.01696423093,0.01799781098
0.1104126393,0.7858058269,0.03254620779,0.008501500934,0.03922882149,0.01356364949,0.009941345962
0.01882959261,0.8893269516,0.01478484219,0.01833757351,0.009978092254,0.02349582597,0.0252470845
0.02543930271,0.87775478,0.02951626187,0.01541197868,0.0156902669,0.01550788315,0.02067953753
0.2678028427,0.3528451177,0.02640299048,0.02330835075,0.2836852622,0.02652651504,0.0194289132
0.01310836903,0.834572805,0.1019133324,0.009289914915,0.01245889832,0.01496860116,0.01368803944
0.01454126075,0.9008054835,0.01203558295,0.01488335822,0.02628324883,0.02040496446,0.01104612537
0.190827688,0.7029138186,0.01898756629,0.02975810768,0.0153509617,0.02087308913,0.02128879816
0.04943858013,0.7528111806,0.1208485762,0.03062709493,0.01176200763,0.01578147838,0.01873109319
0.01098545012,0.9218868621,0.01548308838,0.01542808923,0.01042978681,0.01199457482,0.01379215499
0.03014225349,0.8844352315,0.01575409754,0.01915887141,0.01450949218,0.01632155675,0.01967851176
0.3622207859,0.5587721962,0.01197693784,0.01891699999,0.008086229596,0.01840063962,0.02162616598
0.3694307279,0.3489848632,0.01587621975,0.0184128478,0.2004982939,0.0217325765,0.02506445395
0.2090615923,0.7000881628,0.007739345826,0.01441306682,0.006575274594,0.02815314252,0.03396946697
0.01588070798,0.906146084,0.01476187255,0.0157261976,0.01926836214,0.01376328832,0.01445343435
0.01702623868,0.8964644573,0.01619104582,0.0333263847,0.01381706067,0.01261796068,0.01055684733
0.0617547264,0.8619094706,0.01379071762,0.01702792617,0.01012500057,0.01842131223,0.01697089312
0.01336344504,0.8666048106,0.01715951171,0.01594768383,0.05344861484,0.01846008276,0.01501586997
0.01798850728,0.8606422224,0.009707824733,0.008507148573,0.07849998087,0.01244622327,0.01220812556
0.01761087642,0.8952792084,0.01756157733,0.02547052884,0.01196805331,0.01420147558,0.01790826736
0.0681759668,0.743748019,0.01817330072,0.1190619882,0.00836399556,0.02162957575,0.02084716773
0.02612761982,0.8924962165,0.0131641095,0.02127846168,0.01357695573,0.01665396958,0.01670270221
0.02497651861,0.8964995256,0.01409475964,0.01537179759,0.01861138019,0.01767876897,0.01276721253
0.04671856491,0.86872935,0.01528184927,0.02715273795,0.0126217196,0.01604987905,0.0134459673
0.0447169365,0.8783389402,0.0140011473,0.01435065775,0.00893257237,0.02472403149,0.01493576544
0.01873265986,0.9090594553,0.01714029679,0.01603258585,0.01029605503,0.01459098796,0.01414787643
0.160309928,0.7557114865,0.01473128349,0.02505906563,0.01877991619,0.01247089529,0.01293746822
0.01023157168,0.9148519906,0.01611699802,0.0128277405,0.01835765303,0.01554395053,0.01207009648
0.02926936515,0.9091521792,0.009572108234,0.01452298502,0.01331926087,0.008921788655,0.01524228268
0.01636833328,0.9211483393,0.01191749829,0.007725474371,0.01421527999,0.01588720654,0.01273791684
0.1423960278,0.7714772734,0.01657282013,0.02081490539,0.01694416503,0.01745301435,0.01434180636
0.005077004389,0.5134695109,0.01468382373,0.02796383132,0.2863187804,0.1346226893,0.01786436107
0.07644973484,0.81209077,0.02121056107,0.02555041369,0.0301744463,0.01763267272,0.01689132102
0.2680007161,0.6455597071,0.0144307028,0.0183397342,0.01613522497,0.01877702926,0.01875685355
0.0221942341,0.8997139942,0.01107444588,0.01591880644,0.01044040451,0.02645274801,0.01420541547
0.3036563697,0.2037594629,0.06787241382,0.09184882059,0.2743785895,0.0194602343,0.03902413966
0.3529382937,0.5470774269,0.01023228481,0.02905664995,0.01242441311,0.03272139488,0.01554957901
0.01209851086,0.9156436383,0.01637904212,0.01538875123,0.01373537754,0.01262898775,0.01412572428
0.04898995179,0.8836283056,0.01556689225,0.01726341719,0.008029372611,0.01024253532,0.01627953145
0.01634577062,0.8803687655,0.01310549542,0.03080099655,0.03070389757,0.01549818577,0.01317687635
0.1516238725,0.5836816429,0.0884761256,0.02195066868,0.1156460827,0.01505103037,0.02357061597
0.1110448772,0.5404718975,0.008634529757,0.02451173847,0.277335293,0.01995659654,0.01804507741
0.01309157404,0.8981898494,0.01255573243,0.02358974556,0.02012308267,0.01846202531,0.01398800588
0.01776598871,0.907151158,0.01197815578,0.02134831158,0.01785235208,0.01220375831,0.01170021742
0.121379136,0.7721415417,0.01630780601,0.03586128136,0.01560667353,0.02238197266,0.01632155181
0.1188976122,0.8105847226,0.01463389682,0.01569709407,0.005286362471,0.01975055212,0.01514977873
0.09188043777,0.827300497,0.00963296016,0.02103607396,0.02259717735,0.008434432871,0.01911842003
0.01271027668,0.9169702632,0.01389343861,0.01609774444,0.01014722838,0.01504494549,0.01513616486
0.148214522,0.7205468787,0.01148099808,0.05359479541,0.02543488999,0.01690411788,0.02382377567
0.02322152555,0.8923256919,0.01384039546,0.02187955495,0.01002432798,0.02083966873,0.01786877191
0.02338620599,0.8980797553,0.0144502272,0.01454071261,0.01191611078,0.01553679942,0.02209019853
0.02627558122,0.895420875,0.01674064827,0.01522213168,0.0116829566,0.01611609062,0.01854176004
0.0136768426,0.9031119512,0.01430758359,0.01962004273,0.01055435345,0.01913349607,0.01959573979
0.0157151293,0.9082031601,0.01235406739,0.01642434548,0.01355846088,0.01792871897,0.01581607935
0.01090077182,0.8975123798,0.01277695668,0.01768863269,0.01344730089,0.02247330763,0.02520064096
0.08515774298,0.8138067316,0.02563153883,0.01526617402,0.02015412312,0.02361021942,0.01637349382
0.01960822828,0.8584571264,0.01145288051,0.01324481074,0.03513789147,0.0405481429,0.02155088945
0.03875584964,0.8309752685,0.01328325429,0.01259489689,0.01048088893,0.07793808638,0.01597174377
0.0263510803,0.8925766228,0.01828004328,0.0170942218,0.01426125477,0.01705324609,0.01438354997
0.01556601053,0.9103373113,0.0126487625,0.01625843338,0.0229571431,0.009026898465,0.01320550847
0.02734370928,0.8945112878,0.01379661275,0.01393505152,0.012295822,0.0168469358,0.02127059954
0.06421535524,0.8561173949,0.01433494861,0.01988516628,0.01841113719,0.01430924945,0.01272668105
0.04203959155,0.8769066431,0.01830410366,0.01823016557,0.01262842594,0.009720693373,0.02217033612
0.01889404665,0.8633727308,0.0188815178,0.01041592648,0.01087491957,0.05043207783,0.02712880161
0.02643757507,0.89983813,0.01272606335,0.01998107726,0.01199318071,0.01156610257,0.01745787202
0.02487308346,0.8844368672,0.0134881054,0.01770473224,0.0129396133,0.02815070395,0.01840685106
0.02640103061,0.9201110386,0.01194098641,0.01021738516,0.0122258838,0.008426962515,0.01067674962
0.06179370817,0.8528338486,0.0135027684,0.0216941595,0.01680699206,0.01729528433,0.0160732876
0.08431316061,0.8087745751,0.01382234243,0.0310317562,0.03694464593,0.009574196572,0.01553932692
0.02096937473,0.9019561438,0.01519931483,0.01656915809,0.01772844722,0.01288040563,0.01469712892
0.1519371123,0.2850282994,0.1495078147,0.1518818297,0.1833871963,0.03204596921,0.0462117846
0.01796132433,0.891885275,0.01068011625,0.01160214891,0.008091824443,0.02924600462,0.03053330786
0.2241290689,0.6756970214,0.02030681669,0.03539671253,0.009452244337,0.01901420452,0.01600391783
0.1031355432,0.7839482877,0.01474437919,0.03379877216,0.03058877817,0.01722632155,0.0165579397
0.01644836778,0.8952254216,0.01751854235,0.02003293867,0.01261576084,0.01570686201,0.02245208627
0.01584891048,0.8975647028,0.01527553424,0.01879715256,0.01323017437,0.02120851104,0.01807499826
0.07035865333,0.8500374902,0.01218107772,0.01120497276,0.03164245213,0.01473720945,0.00983813208
0.008831558599,0.9030281814,0.02281444855,0.01642754137,0.0131184606,0.02096543579,0.01481438397
0.01319914537,0.9169014555,0.01105945699,0.01508337975,0.01990822205,0.01013997905,0.01370836121
0.02519524606,0.903548633,0.01159399443,0.009339043846,0.00997650622,0.01705835974,0.02328823001
0.08664567308,0.845756739,0.01465055771,0.01630529815,0.0143514383,0.01138808815,0.01090217819
0.02240890097,0.9079874231,0.01078016622,0.01572876818,0.01089315685,0.01849020592,0.01371140158
0.2230589588,0.6954123181,0.01235470421,0.02349900809,0.01051314679,0.01419748735,0.02096438832
0.1973642809,0.726073441,0.01579826529,0.02044600587,0.0173269057,0.01012799547,0.01286308311
0.01083200584,0.9274409226,0.01177672599,0.01498973398,0.01186886913,0.009793578794,0.01329818759
0.1112253294,0.781929141,0.02486953956,0.02789759916,0.01621048005,0.02148564004,0.0163822579
0.01469678082,0.9248081432,0.008365243543,0.009356772602,0.01039536343,0.02397315494,0.008404612057
0.1752300488,0.1684473733,0.0129582248,0.4736993663,0.1386242487,0.01320719838,0.01783354974
0.02405125528,0.8987873056,0.01462248301,0.01602024152,0.01501502085,0.01618105875,0.01532262775
0.02341210699,0.8685046931,0.01411421643,0.02872150918,0.01953597059,0.01476326377,0.03094826049
0.02614468545,0.8174321554,0.01587376746,0.02717784688,0.08754070522,0.01121646517,0.01461441866
0.01771178594,0.782490816,0.01335924639,0.1087451548,0.05402872778,0.01248425814,0.01117996036
0.07858679483,0.8258918814,0.01460580495,0.01397182809,0.03708771332,0.01493068154,0.01492527355
0.01516446684,0.9005451236,0.0145538811,0.0178048169,0.02162359551,0.01589282815,0.01441530142
0.1392445851,0.7626113641,0.02051845669,0.0145409502,0.02799992263,0.02063320723,0.01445150279
0.8247925435,0.04012798148,0.01606886177,0.02382476558,0.07426809895,0.006571200065,0.0143465469
0.01355061337,0.931230026,0.01313614396,0.01247658904,0.008024759227,0.01040373209,0.01117813736
0.005066982113,0.08646201246,0.8482384009,0.0178542777,0.008555138808,0.01531496286,0.01850817625
0.2535724574,0.649727056,0.02916515548,0.01094819388,0.02194959528,0.02098079028,0.01365675969
0.0580435644,0.8487863782,0.03280055055,0.01761100034,0.01024156903,0.01779389856,0.01472301995
0.02160935583,0.9058413502,0.01368840418,0.02509880163,0.00806676759,0.01165389518,0.01404140956
0.05923301027,0.8492049284,0.03750709737,0.01244041989,0.01442776139,0.01108183124,0.01610492213
0.0195521268,0.426302321,0.2323503157,0.01043714359,0.1759209511,0.1073008493,0.02813625287
0.105451976,0.8358567103,0.01333604589,0.01634775209,0.008107330555,0.007898903341,0.01300122381
0.0249362785,0.8853045274,0.01582769451,0.02129997614,0.01226024195,0.01991960543,0.02045170949
0.02495839062,0.8898364616,0.01396590244,0.01690815474,0.01166727748,0.0202559404,0.02240792723
0.01692709039,0.9106833679,0.008603972806,0.03673915631,0.009613585238,0.008355749699,0.009077018616
0.02948656536,0.8879089969,0.01440525256,0.02356145648,0.01297952348,0.01640135783,0.01525679515
0.01500859722,0.9054237997,0.01569421869,0.01486437952,0.0133866176,0.0186584436,0.01696396562
0.01074040911,0.8948157643,0.01835281396,0.01138501394,0.02367801152,0.02660064506,0.01442736748
0.580353683,0.2751367209,0.01394677252,0.0266653996,0.07146740477,0.01490039991,0.01752961354
0.02354611113,0.8917652125,0.01209463286,0.01582446436,0.02437534405,0.0122946004,0.02009961951
0.01061316348,0.9078252444,0.02495867553,0.01544148865,0.01278915919,0.0149927254,0.01337950773
0.008041409283,0.9140071272,0.02050977436,0.01040508631,0.01912935289,0.01489490925,0.01301241088
0.02050562995,0.8712122962,0.01271019014,0.01816031593,0.05055613735,0.01062915897,0.01622632432
0.02299587735,0.884923515,0.01723670189,0.02145928725,0.01427675954,0.0213307748,0.01777701904
0.0131514349,0.9209344786,0.01383279621,0.01425219455,0.01280572919,0.01244905523,0.01257438153
0.01256411655,0.8974818359,0.01588712712,0.01660185358,0.01935550099,0.02386102224,0.01424860126
0.01473809654,0.7714271836,0.01262061524,0.01274028557,0.1622298509,0.00885723423,0.01738675671
0.1787103785,0.2294532593,0.01911724585,0.5173437594,0.01182390957,0.01758927153,0.0259621742
0.02153782593,0.8951487627,0.02034321107,0.02015890585,0.01117401636,0.01394843261,0.01768882812
0.04326058984,0.8657068238,0.01768672109,0.01177470962,0.03732307046,0.01479619638,0.009451893659
0.01733127436,0.71423415,0.02357404698,0.02669073676,0.1840634738,0.01522649431,0.01887984731
0.1730498136,0.7149288827,0.01384496071,0.03641586249,0.02343348092,0.02030182721,0.01802512457
0.03503403618,0.8882693841,0.01427565606,0.0127289926,0.01215918789,0.0207968448,0.01673591738
0.01673524758,0.8822079904,0.01424521557,0.01968661203,0.03057884952,0.01829049994,0.01825556384
0.02665038115,0.3624500962,0.08927268709,0.05073939863,0.4284883615,0.02032770995,0.02207136199
0.03841365322,0.9028458488,0.01369624536,0.01064557473,0.008249382481,0.01379631992,0.01235295858
0.08955379367,0.7778101379,0.02870754147,0.03011801735,0.04098229389,0.01133247813,0.02149571128
0.01533185235,0.91002038,0.01356103773,0.01966216855,0.01061355832,0.01445711537,0.01635389665
0.0150499679,0.8918705035,0.01958597945,0.02125167194,0.01146626709,0.02407810174,0.01669755799
0.02916625069,0.9066804969,0.01441827781,0.01142372093,0.01236759986,0.01213373649,0.01380992375
0.01321316609,0.9131030588,0.01443748766,0.01412780191,0.008871685802,0.01702377117,0.01922300587
0.01506044307,0.7176227501,0.122003067,0.02098471979,0.02872041282,0.07995881069,0.01564979245
0.01777330911,0.8969986472,0.0160995297,0.0153169793,0.02446675696,0.01474233861,0.01460243651
0.08114231981,0.425137562,0.008931771797,0.06556311145,0.3731898259,0.02339470242,0.02264068973
0.00930243866,0.9113543011,0.02225562082,0.01001322541,0.01332549475,0.01485879267,0.01889018193
0.1606258263,0.5341974668,0.06370281156,0.01382139685,0.1865700746,0.0184256281,0.02265680855
0.4899595336,0.4089108695,0.01874058778,0.0179814535,0.01060602277,0.02149805426,0.03230350115
0.01616762173,0.9068883098,0.01298247707,0.01458331817,0.01190766431,0.0142637634,0.02320676909
0.02626856609,0.9120428152,0.0135789623,0.01578322912,0.006308879278,0.01457226166,0.01144529412
0.01188716614,0.8704741688,0.01969020895,0.01180118452,0.05951906932,0.008695504589,0.01793275313
0.02757306497,0.9078771457,0.01341359863,0.01255531373,0.009687631271,0.01542915899,0.01346403092
0.03436675161,0.8918709725,0.01746654152,0.01740281277,0.01022037465,0.01457258542,0.01409999628
0.02436443635,0.8902272071,0.01895321972,0.01754898296,0.01300871346,0.01861037497,0.01728707336
0.0257802696,0.8817398787,0.01664304719,0.02362253575,0.01494560614,0.02005524118,0.01721340108
0.04011437914,0.8613262466,0.01436107558,0.03151769387,0.01079045633,0.01573686164,0.0261533064
0.09405862302,0.8313040823,0.0124789756,0.02026328697,0.01186068759,0.01321161339,0.01682271182
0.01789153883,0.897665385,0.01314927765,0.01896927235,0.008533805305,0.02284541307,0.02094535031
0.05888383767,0.8448567036,0.01409385599,0.01785078723,0.02187164542,0.02454543748,0.0178977405
0.09527821117,0.8058142613,0.01562353278,0.03504313997,0.0130342316,0.01654727625,0.01865933451
0.1567276843,0.7435805447,0.00981039093,0.02343400281,0.01732387158,0.03839382561,0.01072964593
0.01343446493,0.8816014654,0.01304477935,0.0156495002,0.0349188226,0.01047221514,0.03087869518
0.05762187499,0.8376935193,0.01744522527,0.01751298123,0.03038264074,0.02158944368,0.01775429423
0.0641863785,0.6281481645,0.1892310769,0.05682430496,0.01526966983,0.02937491387,0.01696547299
0.1268280217,0.7193176427,0.00987697688,0.01732064313,0.09233943889,0.0180749771,0.01624227086
0.009964423055,0.911509983,0.009409748269,0.01622407141,0.01267976162,0.02604637854,0.01416561738
0.02024799696,0.8896524744,0.01729829193,0.01665438644,0.01874852002,0.01631576383,0.02108251336
0.06747008008,0.6899562565,0.01178404094,0.02064899754,0.03975165433,0.1271667057,0.0432222838
0.04610341461,0.8643151573,0.02961223763,0.01548630443,0.0113697616,0.01840917843,0.01470392022
0.06263363206,0.8597391274,0.01754959324,0.01811094132,0.01159295231,0.01409104439,0.01628269576
0.03496835787,0.8825423193,0.01035518259,0.01697227448,0.01095509385,0.03398932426,0.01021748265
0.01774886773,0.9001788273,0.01288890206,0.0166148576,0.0132959707,0.01603362438,0.02323898926
0.04971069959,0.8755210949,0.01202230376,0.01574840253,0.00984251668,0.01188369497,0.0252712583
0.01623858879,0.9022025639,0.01660669382,0.0177544452,0.01258047081,0.01877951387,0.01583769893
0.03622688566,0.4529801578,0.01156417813,0.0162219497,0.417213684,0.04738140937,0.01841170277
0.03170358078,0.8909073054,0.01721619744,0.01479662585,0.01070442069,0.02067050859,0.01400134562
0.5510574377,0.3513538771,0.0136628786,0.02614885029,0.02018372474,0.02048646114,0.01710677563
0.09396580535,0.8006960729,0.02320083014,0.02351542339,0.02591238775,0.01928434217,0.01342514095
0.02044215765,0.9083018609,0.02323306093,0.009861886705,0.01517042586,0.008560444489,0.0144301956
0.02350203418,0.8875938563,0.01470820418,0.01729694079,0.02464839334,0.01682952493,0.01542102103
0.2399323092,0.2686043391,0.0152873752,0.01903354805,0.3859412742,0.04073558766,0.03046549683
0.02999814297,0.6057394639,0.01928906007,0.06239065496,0.1683147816,0.03484149222,0.07942639341
0.2074708487,0.7168817951,0.01795986504,0.01798174813,0.007975636456,0.01643447572,0.0152956689
0.01597961735,0.9304214965,0.01174472539,0.01264732194,0.007949562089,0.009902140792,0.01135520897
0.01992846393,0.8989573896,0.01419610023,0.01963380905,0.01065298704,0.01846791041,0.01816336706
0.01661577241,0.912715882,0.01500090791,0.01742468865,0.01056344131,0.01357613274,0.01410323314
0.01917599627,0.9102684139,0.01462875169,0.0179879775,0.01244550813,0.01182068607,0.01367261197
0.01899554748,0.9106650397,0.01375922814,0.01292857922,0.01849423369,0.01167367182,0.01348367206
0.01691233124,0.8974121948,0.01571999881,0.01940457586,0.01697247212,0.01417851863,0.01939992448
0.1699707243,0.6896150992,0.01219738173,0.05314649833,0.04080458446,0.01748142559,0.01678427401
0.01148656608,0.9264183703,0.01319106672,0.01478057579,0.01347792077,0.00969359701,0.01095189104
0.06086652073,0.8392710734,0.01554735899,0.01528272539,0.04436931206,0.01191105837,0.01275194586
0.01082600897,0.9142996689,0.01351058812,0.008350225314,0.008196402512,0.01255868472,0.03225840172
0.4098794344,0.3659433604,0.0530901519,0.02792962051,0.1108258384,0.01616187916,0.01616968673
0.0167119765,0.890738499,0.02153320066,0.01274105648,0.01377899653,0.01802656326,0.02646966979
0.02742897158,0.4378456047,0.05571346164,0.1137867523,0.2280836031,0.04577429438,0.09136730951
0.01504862948,0.540308298,0.04274204941,0.02718551883,0.3327055816,0.007958537497,0.03405137745
0.2434007821,0.5661479719,0.006586491505,0.1198572112,0.02019111026,0.03265443665,0.01116200405
0.01366427622,0.8999324882,0.02859177186,0.01649731762,0.01159660477,0.014006064,0.0157114814
0.1316678336,0.4975314352,0.01153266542,0.02940781597,0.2510134016,0.02796624513,0.05088058145
0.229784076,0.6515789955,0.02063537296,0.03753599276,0.02991336303,0.01314250429,0.01740973553
0.0268308426,0.8888519174,0.01523103696,0.01822367707,0.01402362194,0.01893553878,0.01790333086
0.03154832961,0.880210933,0.02205607396,0.01925020275,0.01443191082,0.01780311551,0.01469942463
0.02563390199,0.8932957173,0.01443869345,0.01830037773,0.01042739861,0.01466762333,0.02323627155
0.03390471082,0.8774139006,0.01383018344,0.02070393569,0.01338328935,0.02083888882,0.01992506924
0.01923190849,0.9060637675,0.01286050941,0.01631201739,0.01698014951,0.01321223794,0.01533942446
0.4976194214,0.421300063,0.01309386549,0.01059025929,0.02911468399,0.0151450657,0.01313661748
0.4119143773,0.488245092,0.01707664921,0.02748954716,0.01619451476,0.0213764111,0.01770339394
0.01432535128,0.9037848452,0.0145091428,0.01873754548,0.01609180532,0.01583384709,0.01671747022
0.08704347152,0.8207907757,0.01474648156,0.01955839398,0.01564821258,0.02536622622,0.01684643558
0.03676053223,0.869534997,0.0151919215,0.02177098547,0.02214167372,0.01734796641,0.01725188899
0.3017850398,0.5974392359,0.02246380283,0.02369023637,0.008899110773,0.0236499547,0.02207265648
0.1568303388,0.7726487222,0.016387622,0.01971982064,0.006953919957,0.0151929576,0.01226662717
0.04988117624,0.8666008608,0.03057460487,0.01656752071,0.006856651025,0.009920131838,0.01959905636
0.03075507403,0.9080051615,0.01610485401,0.0162334674,0.007357071633,0.01014783188,0.01139654487
0.009187286075,0.8995027924,0.01323488631,0.01496590318,0.02360085829,0.01844310062,0.02106520284
0.007629999551,0.8807002932,0.01897670811,0.02219967747,0.02799190092,0.02668114491,0.01582028084
0.5683421414,0.2122820458,0.01631312662,0.1508541717,0.01088378811,0.01894315624,0.02238159259
0.071046128,0.7984914413,0.01157000669,0.009104582356,0.08892713587,0.01066301793,0.01019769565
0.2154227925,0.3635795663,0.06135688433,0.01273288851,0.01157643296,0.3211759758,0.0141554668
0.01075617143,0.916673443,0.01228768932,0.01404802281,0.01226333621,0.01998754627,0.01398382476
0.03212848159,0.8941632997,0.01511942967,0.01809140809,0.01196892668,0.01311502686,0.01541345801
0.09167659889,0.8199321816,0.019056376,0.01647123451,0.01667557317,0.01640020511,0.01978782673
0.05834829932,0.8644848412,0.01880345659,0.01596617867,0.009398168681,0.01487587969,0.01812318897
0.02676029198,0.889852259,0.01606110651,0.01979750809,0.01316894475,0.01617878534,0.01818111218
0.01120038712,0.9070269092,0.01574888886,0.01918806248,0.02053742263,0.01331086848,0.0129875183
0.1393989351,0.7832673157,0.01516953406,0.02415381403,0.009341469813,0.01590389555,0.0127650039
0.01593620395,0.5702059227,0.1069863786,0.1080674053,0.1672856147,0.01540176479,0.01611667496
0.03898516122,0.8719044738,0.0199260823,0.01517121223,0.02352959569,0.01476278486,0.01572073024
0.02367449603,0.8087246056,0.01471903617,0.05653304064,0.05865520472,0.0200112124,0.01768244517
0.01736972712,0.9113276246,0.01069518557,0.01432025366,0.02107368387,0.01072721859,0.01448630783
0.07444233242,0.8466375168,0.02897467482,0.02246185276,0.004662801666,0.01110492807,0.01171585996
0.1397599177,0.7325072698,0.01807418627,0.02598481741,0.04548053827,0.019275202,0.01891810878
0.04234749923,0.8704109219,0.02904957749,0.0179247273,0.01120302493,0.01052022954,0.01854405075
0.01131796381,0.9229549805,0.01430625298,0.01381014693,0.007124302321,0.01762827742,0.01285809481
0.0186193256,0.8945747984,0.01635900547,0.02211237462,0.01463407813,0.01711549825,0.0165848967
0.02984591139,0.8947214941,0.01161208973,0.01599956395,0.007639274179,0.01267925412,0.02750234448
0.01586890497,0.9085991598,0.01289456604,0.0189495207,0.01703047842,0.01406876756,0.01258867429
0.01361701659,0.8958935593,0.01252897662,0.0196001482,0.02390661838,0.02325155471,0.01120210197
0.08179310018,0.8360356548,0.01460405045,0.01754810342,0.01190544019,0.01427850229,0.02383510017
0.03574048804,0.8480111915,0.01645475535,0.01265140271,0.02030342799,0.03371483741,0.03312386119
0.02231772101,0.8974485679,0.0148667478,0.01495511488,0.01537634825,0.01651164646,0.01852388943
0.04512925174,0.8870236014,0.01055291592,0.02052946192,0.01287757847,0.01377294852,0.01011422702
0.06750947855,0.7296554326,0.01454851581,0.01118063763,0.1397254858,0.01896317619,0.01841728441
0.03835950453,0.8925059597,0.01537887065,0.01576555782,0.01241810294,0.01067477953,0.01489722991
0.1535587391,0.5636612858,0.1682395504,0.05272407691,0.03053202423,0.01204826296,0.01923606367
0.03008667937,0.895787681,0.01442228152,0.02463182247,0.008714746074,0.01298339582,0.01337335936
0.0104684261,0.9152169134,0.01998938298,0.01602045445,0.0123551616,0.01161279791,0.01433682686
0.03985811199,0.8971889608,0.01014143908,0.009715308445,0.004530227462,0.02370464575,0.01486137226
0.01293408679,0.8857682675,0.01229897411,0.01376555185,0.009588272735,0.03552924918,0.0301155988
0.5810014172,0.2984427664,0.02082232282,0.01055007167,0.05907407859,0.01240355357,0.01770580349
0.009898476624,0.9101529158,0.01501412783,0.01708552169,0.01288197408,0.01835009847,0.01661690851
0.01999507815,0.9122775027,0.01123627929,0.009838792908,0.008909984732,0.02002590255,0.01771646263
0.02289570908,0.9074118198,0.01102406421,0.006622939021,0.008118588994,0.02659517879,0.01733167988
0.01430001404,0.8959178125,0.01542271289,0.01725639799,0.03020946546,0.01077929598,0.01611437853
0.01188993281,0.9156275502,0.01877560336,0.01879344895,0.01268521614,0.007347463748,0.01488084269
0.05673540876,0.840569264,0.01818588584,0.0252149181,0.0199755697,0.02061486791,0.0187040457
0.009760115673,0.9105977685,0.02376788594,0.01210668539,0.011541663,0.0177608233,0.0144649995
0.02691880164,0.3654199703,0.2822875126,0.03416132736,0.2552427094,0.01809198498,0.01787769422
0.04263799432,0.8679562361,0.02096434872,0.01916987912,0.01346544736,0.01757693333,0.01822918367
0.02802941272,0.9080240407,0.0101233882,0.01460198228,0.01067391518,0.01822405766,0.01032314844
0.006269775887,0.9027811051,0.0221838582,0.0223718479,0.008890611193,0.02499713322,0.01250574436
0.02119093103,0.9123395289,0.01107129815,0.01494912165,0.01391746766,0.01357250357,0.01295918089
0.2310559913,0.6443258458,0.01492830173,0.0151568621,0.01677403682,0.05932062938,0.01843831087
0.01929532719,0.8970645332,0.02315454819,0.01208736666,0.00669061975,0.02058745417,0.02112015785
0.1683869863,0.7494349702,0.007447615783,0.01854822271,0.02079104138,0.02207126249,0.01331990855
0.05592143217,0.8679757259,0.0147462097,0.01705866577,0.01482379723,0.0154156483,0.01405849363
0.00891459241,0.9160030354,0.01701805201,0.01052194353,0.01027747839,0.02354796013,0.01371690504
0.05039872911,0.8754281239,0.01594541734,0.01281770242,0.01267875227,0.01445664341,0.01827461117
0.221837965,0.7126910194,0.01381062408,0.01061618592,0.009636772967,0.01981278125,0.011594612
0.03734878356,0.5830501518,0.3065403912,0.01325307602,0.01429606723,0.03365372897,0.0118578284
0.07351540503,0.8137997027,0.009104642585,0.01158591083,0.05519443217,0.02549682565,0.01130306888
0.2378089223,0.6815343943,0.01775169005,0.01453645609,0.009086083952,0.01700931894,0.02227315887
0.1718978733,0.7221112566,0.02184391492,0.01696422879,0.03221508433,0.01404426652,0.02092336596
0.3598589334,0.08927387809,0.01604450489,0.0178446426,0.4811418094,0.01208167123,0.02375457749
0.8140732232,0.114902178,0.01048449137,0.01379080786,0.02177684908,0.01197834473,0.01299407901
0.1366186829,0.68814417,0.0260534614,0.01038373267,0.04793084441,0.008582292577,0.08228686191
0.557841493,0.2037916862,0.01954958506,0.06864375516,0.1006083892,0.01461835281,0.03494674497
0.1478730933,0.7702116538,0.02674750942,0.01356360267,0.006897518323,0.0128032123,0.02190342935
0.04028512287,0.5587752547,0.01244319603,0.02425448631,0.2779064869,0.01306859874,0.07326690232
0.135018738,0.7152799371,0.01461392285,0.02325909662,0.08195489036,0.01270325876,0.01717019013
0.09422225134,0.8318608497,0.01836102208,0.01151918386,0.0109529581,0.01524278367,0.0178409613
0.05115380131,0.8935239174,0.01007904648,0.01080278273,0.01248896884,0.01174969991,0.0102018054
0.127768295,0.5288056435,0.2947062255,0.01069706244,0.009592907923,0.01564161986,0.01278820164
0.09442078106,0.822469645,0.03147391499,0.01379110634,0.01051210299,0.012887361,0.01444510215
0.3422951151,0.5424628933,0.01965382692,0.03002415007,0.01306295061,0.02160020093,0.03090088443
0.03456753611,0.8923917635,0.01478480522,0.01229512795,0.01023535095,0.01734887964,0.01837652876
0.1354701606,0.7963445044,0.01593273016,0.01848270163,0.006789582093,0.01103308524,0.01594725128
0.1253557625,0.7975473151,0.02118751719,0.0142310852,0.01219073245,0.01572735018,0.01376023713
0.2493848688,0.6501805877,0.01822473387,0.02229542226,0.01402376001,0.02782468712,0.01806598138
0.03892703144,0.7990806847,0.02008151205,0.02354774117,0.004458633791,0.0950385982,0.01886571059
0.6709387475,0.241191758,0.0141123665,0.02006368249,0.01473344819,0.01752472522,0.02143524197
0.03880813998,0.8699525385,0.0294818499,0.02300938771,0.01298991272,0.01294004846,0.01281816129
0.34007791,0.4394949373,0.01369950829,0.01794435818,0.1601713596,0.01472998753,0.01388189756
0.2575923294,0.576656131,0.02120572272,0.01264081845,0.102596868,0.01559107026,0.01371707976
0.09537872564,0.8308743722,0.01904502234,0.01292290429,0.007963593974,0.01387806975,0.01993728769
0.4438210706,0.4712294091,0.01856235263,0.01855138925,0.01200976605,0.01634910516,0.01947694081
0.2245944767,0.6112641257,0.01283037085,0.01245873856,0.07648450757,0.04910982282,0.0132579885
0.4198777048,0.477953949,0.04452856697,0.00572569788,0.02536482212,0.01443087694,0.01211828104
0.02707516109,0.5908562549,0.01506651305,0.01933640485,0.3168037738,0.01247549904,0.01838639654
0.03950425538,0.8748831627,0.01604640837,0.01750258685,0.01033433194,0.01678443687,0.02494486485
0.2047355406,0.4732509431,0.06689868481,0.03412910389,0.1803855007,0.02041112212,0.02018912644
0.1496048205,0.7753158463,0.01737841986,0.006258738691,0.02734310593,0.009293902748,0.01480520057
0.08341710549,0.6732335516,0.0221585991,0.01691215688,0.1404641502,0.01350621455,0.05030823597
0.06577484473,0.8729325075,0.01106221946,0.02212256723,0.005418631976,0.01282631694,0.009862920382
0.1392912196,0.7564925119,0.01475035752,0.02270124099,0.01180694773,0.01762390737,0.03733382038
0.1458324217,0.7599990715,0.01534931072,0.02860216566,0.01885223653,0.01150548543,0.01985926815
0.0873628355,0.8279517806,0.0163764943,0.01543465115,0.02286321556,0.01127731575,0.01873372457
0.281969455,0.6488013185,0.01584137457,0.01502004283,0.008595496281,0.01531976836,0.01445251623
0.07134162684,0.8434521339,0.01283524442,0.02554642083,0.01257414524,0.01314466163,0.02110574523
0.1829333129,0.7456313326,0.01690607596,0.01393668062,0.009091056767,0.01561087832,0.01589070367
0.09987068223,0.8217806615,0.00995752264,0.01424605359,0.02403869067,0.01846707432,0.01163931649
0.04093582812,0.7281951172,0.01556497789,0.02848309468,0.1544471252,0.01912136517,0.01325250888
0.04407565044,0.8542528674,0.01805141734,0.01815824926,0.0333386933,0.01924499617,0.01287808495
0.7764812672,0.07185820703,0.01094316455,0.01884319502,0.02108348293,0.0893886935,0.01140198896
0.1317429011,0.7486062048,0.02072355252,0.01251847822,0.02843793212,0.04154763154,0.01642329127
0.1780786181,0.7508758414,0.01736352098,0.0168868732,0.007842599475,0.01139299325,0.01755957113
0.1609280536,0.7523936064,0.0289838925,0.01281110483,0.011734958,0.02221469251,0.01093374488
0.1709597993,0.7409054791,0.021629034,0.01990382816,0.0133869293,0.01729249079,0.01592244933
0.04789858792,0.8789707462,0.01513769173,0.01427844384,0.01414014883,0.0131751794,0.01639921329
0.1114919814,0.6985439014,0.05915411657,0.06586034632,0.01363339066,0.03980692008,0.0115093316
0.06026671402,0.869857858,0.01951843884,0.01462291224,0.008324462087,0.01119785941,0.01621179047
0.06272342821,0.8463898698,0.02754686074,0.01512937062,0.0108369222,0.02129803141,0.01607551839
0.1441808416,0.69318815,0.02884325255,0.03243545115,0.07597551343,0.01140808292,0.01396870758
0.7812689214,0.1633022075,0.009220461655,0.01351577252,0.008830387554,0.01329159466,0.01057062607
0.1959743929,0.7131695823,0.01324514236,0.02244613966,0.02141391759,0.01658851711,0.01716232682
0.6559010496,0.2386941871,0.01552210743,0.01683864111,0.03914766146,0.01748115856,0.0164152287
0.03351188646,0.8963519931,0.01800328944,0.01586791172,0.005159913188,0.01259167086,0.01851335875
0.1465893082,0.7578240153,0.01576589267,0.02450836281,0.02148842141,0.01607809663,0.01774584874
0.04600632609,0.8916151511,0.01795624295,0.01019286247,0.01217929983,0.01387969718,0.008170396101
0.02435096985,0.6000365426,0.01830933114,0.1712027869,0.1543016622,0.008995324873,0.02280340705
0.804728724,0.1029451157,0.02114935111,0.02243544809,0.007279894862,0.02229035307,0.01917110615
0.08402107383,0.8448090836,0.02052942928,0.01618789064,0.009929786212,0.01371399928,0.01080869645
0.1286005135,0.7774376639,0.0137571351,0.01512083306,0.02960026006,0.01880067217,0.01668292214
0.087492546,0.8226732502,0.01052397839,0.03862331476,0.008762533665,0.0128932453,0.01903115585
0.07138429245,0.8594746741,0.01320630061,0.02110872703,0.007963029071,0.01359165853,0.0132713047
0.3746369173,0.4940481703,0.01613447652,0.01663344201,0.06972942966,0.01271332198,0.01610429526
0.09942563104,0.8143852148,0.007855492101,0.01600039774,0.0310952067,0.01613181826,0.01510623767
0.1255931713,0.7698626237,0.02836519416,0.02142460987,0.006675259039,0.01124349821,0.03683562305
0.2124210804,0.6959817676,0.01452956345,0.02089997079,0.02716204833,0.01355050894,0.01545501689
0.08591165208,0.8017843678,0.0180319279,0.02473548587,0.01553020914,0.01629458142,0.03771182644
0.3254783782,0.6070101698,0.02364016304,0.01100501323,0.006590643183,0.01330688465,0.01296872818
0.03053093475,0.8994201028,0.01212198724,0.0194433337,0.01684827886,0.008706513456,0.01292885067
0.1960153223,0.7414412472,0.01299502959,0.01059809902,0.01076242353,0.01211938316,0.01606848923
0.3236600856,0.5406547996,0.01228776045,0.02920750926,0.04915822939,0.02698882689,0.01804280021
0.2570586279,0.6730457833,0.01792509759,0.01264267209,0.007750631577,0.01556803012,0.01600913504
0.181750271,0.7060679741,0.01308039938,0.01416200888,0.03742695818,0.02139875595,0.02611358079
0.02591624581,0.911831203,0.01489296814,0.01398617638,0.0079490901,0.01454707682,0.01087724475
0.4088976858,0.5183557742,0.01339264715,0.01319357275,0.009340667011,0.02140313651,0.01541655322
0.03570533673,0.8870391944,0.0167649892,0.01928153288,0.01787143961,0.01182291988,0.01151455141
0.1430966157,0.7232052014,0.01426489164,0.04342551849,0.04276763777,0.01092716772,0.02231295457
0.1129857797,0.7790129437,0.01269844205,0.0138364205,0.004165337472,0.03832424101,0.03897683061
0.388833875,0.521893613,0.01760089913,0.0203941736,0.01450335812,0.01912210834,0.01765196167
0.1013685136,0.4801693095,0.0172328057,0.02132598784,0.29220768,0.01272720707,0.07496850007
0.1610898146,0.7653237413,0.01521086545,0.01457070131,0.01881848213,0.009884966604,0.01510144706
0.05607236821,0.8603910191,0.01323257534,0.01004062801,0.02378963593,0.007382865443,0.02909086986
0.1257938277,0.7952352336,0.019722852,0.02325637316,0.01604192524,0.009788393976,0.01016140002
0.5158186778,0.4041579438,0.01723093555,0.01707616527,0.01238495639,0.01458526921,0.0187460773
0.03701194831,0.8995165343,0.01556550438,0.011151273,0.01449790333,0.01061081097,0.01164606966
0.07736048082,0.7336911644,0.02292357831,0.02274219307,0.09134293496,0.03749169263,0.01444791968
0.02792568905,0.2928311632,0.6140167209,0.009710269223,0.02107750047,0.02124118602,0.01319743872
0.1088880123,0.528166205,0.2176107507,0.01155720287,0.108310032,0.01419924606,0.01126856318
0.08707525579,0.8513351213,0.01202650822,0.009875249738,0.01341576261,0.01271598452,0.01355612687
0.01637015522,0.9130370628,0.02383393763,0.01068286609,0.0104247666,0.01590331845,0.009747943166
0.01993599528,0.9313400122,0.01084862282,0.008725713968,0.01061347128,0.009242443268,0.009293799993
0.3349554738,0.5573959318,0.02227177339,0.02828928232,0.01268701753,0.02236168702,0.02203885037
0.230938347,0.6950460074,0.02097646184,0.01274098032,0.01143491861,0.01227827331,0.01658503232
0.4915356182,0.4344487482,0.01705740268,0.01502608894,0.01250825918,0.01321606448,0.01620781248
0.3085013824,0.6184530893,0.01141686409,0.01775455412,0.01486755244,0.0138260533,0.01518051087
0.02085982686,0.4353808592,0.2100203556,0.01363382087,0.02972793199,0.03817871309,0.2521984689
0.1739271022,0.7421432791,0.02021322959,0.01392772004,0.02075696257,0.01560565063,0.01342604562
0.1376811142,0.7714194691,0.01336228856,0.01809283725,0.02826290014,0.01301177163,0.0181695908
0.01947242947,0.3062895171,0.06966871857,0.01798714191,0.1092286488,0.4602027617,0.01715076446
0.1209898078,0.781631583,0.01622109662,0.01620101777,0.02743827179,0.01473565182,0.02278255584
0.03805414561,0.8909558334,0.02197394657,0.01566128382,0.005070768198,0.01391028623,0.01437377614
0.7667110041,0.09023567637,0.0176945938,0.01482911241,0.08197894655,0.0142813915,0.01426925604
0.04131052611,0.8966795475,0.01514174246,0.0121174664,0.01178784623,0.01160013226,0.01136275278
0.7576236959,0.1809236442,0.01187413009,0.01723562807,0.007136889278,0.01304206427,0.01216390698
0.08245796577,0.7390152026,0.0256565099,0.02193409258,0.1059589836,0.01235770901,0.01261952091
0.05656104834,0.8332728263,0.0137831554,0.02175327404,0.02444834162,0.0325254336,0.01765599546
0.4504338388,0.2775019853,0.01535611955,0.02951924432,0.172951025,0.02977102668,0.02446675735
0.1334144461,0.6493332087,0.0112166311,0.08102199197,0.08685676272,0.01409516811,0.02406177646
0.6786762803,0.1991126756,0.02374569191,0.01552345271,0.02611209004,0.03566625003,0.02116353866
0.3311993272,0.5460864348,0.02444840723,0.01040621321,0.06035270947,0.01296939407,0.01453754524
0.039609822,0.5055054392,0.04677264878,0.02356535495,0.05640713904,0.01681816852,0.3113214326
0.3705045868,0.535014991,0.01707214762,0.01922910844,0.02881817722,0.01251437027,0.01684662901
0.05376676417,0.8811599929,0.01347252575,0.01470083524,0.01566109637,0.00822537116,0.01301345797
0.1460456558,0.7895981801,0.01436280214,0.0127899104,0.01385650102,0.009263921273,0.01408303313
0.02528630563,0.9163954709,0.009592572449,0.01101660677,0.01692723063,0.008324729392,0.01245706778
0.1160888841,0.6650442095,0.01299407737,0.0121792787,0.1757369155,0.007461953593,0.0104947247
0.01506878301,0.88731664,0.01190027275,0.01577071135,0.04965445954,0.01129092426,0.008998153142
0.1828528901,0.1307671933,0.01424933456,0.03581610507,0.5972952319,0.02278123157,0.01623800495
0.1314947827,0.7891301158,0.0120970678,0.01854399106,0.007963214526,0.01217922705,0.02859160951
0.07260150352,0.8559743914,0.01956106797,0.01171865884,0.009938581906,0.01313514542,0.01707063598
0.05692790427,0.7541711651,0.06978841767,0.01415919429,0.07249006784,0.01849611702,0.01396709842
0.09698481278,0.8346696923,0.01510189017,0.01511054142,0.01211735128,0.009405471749,0.01661028496
0.01358799466,0.8355942521,0.04539226099,0.006817616211,0.01789922251,0.01913964692,0.06156901259
0.06838497036,0.4160486672,0.4465453656,0.01197811852,0.01239061502,0.03300291558,0.0116493774
0.5687475531,0.3463518272,0.0151383157,0.01860418645,0.02254370913,0.01602211124,0.01259224778
0.09324362915,0.8305398127,0.01388416587,0.02088581028,0.01285981702,0.01162055374,0.01696623021
0.2430397755,0.660434204,0.02435396283,0.01781350204,0.01296659204,0.02423294928,0.01715896651
0.06194850387,0.8259212426,0.0133061102,0.01129044084,0.05405095436,0.01315350622,0.020329256
0.06098136738,0.8758366453,0.01525852724,0.01196459421,0.00796182778,0.01272246337,0.01527450641
0.2520518076,0.3936938574,0.03817151113,0.008723190113,0.2784702807,0.01285186462,0.0160374966
0.1045865578,0.8122168142,0.01841956299,0.01669547444,0.0116396318,0.01706741392,0.01937455307
0.3547612871,0.5473586679,0.01689169013,0.02599902306,0.02123268234,0.01566828652,0.01808842117
0.02236323834,0.8831363661,0.01587528587,0.01510086165,0.04135670092,0.01059732805,0.01157024263
0.5966114903,0.2679226466,0.01180167732,0.0765805882,0.01216744824,0.01648922815,0.01842691717
0.06577501198,0.8473565772,0.01438106283,0.01356905728,0.01773696646,0.02320287748,0.01797845556
0.1186213414,0.7852388013,0.03443033305,0.009985702822,0.02833310825,0.006275044624,0.01711569358
0.02181103324,0.8725154927,0.02498084096,0.01506242438,0.006086710754,0.03983875836,0.01970468748
0.08056960128,0.8062726643,0.009754693426,0.01900064411,0.05500061307,0.0141381959,0.01526363621
0.05545581071,0.8544737374,0.01190813789,0.01728764374,0.02946337858,0.009237039099,0.02217426377
0.6245160025,0.2898314146,0.0121160526,0.02232316472,0.02586918273,0.01122760498,0.01411663009
0.0458996555,0.8776799402,0.01779792064,0.01507915288,0.00466474888,0.02319451784,0.01568402641
0.02065489442,0.9245842979,0.01177800792,0.008905080244,0.01119104698,0.01529180954,0.007594848013
0.1296822546,0.07499324157,0.101947858,0.01791202979,0.0310826887,0.05086051403,0.5935213938
0.02746801985,0.9155671722,0.01275835899,0.01111454008,0.01077930793,0.01038268614,0.01192998255
0.2049563329,0.7171868544,0.01612212852,0.01960388177,0.007971087933,0.01717003841,0.01698967431
0.02248347285,0.8856754179,0.01466011589,0.01599770125,0.0429757598,0.007279943821,0.01092755808
0.3868916538,0.5253549495,0.01778063818,0.02389960774,0.01668146378,0.01559744518,0.0137942359
0.2421064801,0.5004789782,0.02550617851,0.05144726032,0.1478538399,0.01352055179,0.01908669261
0.1094638709,0.795270363,0.01277013114,0.01636396204,0.02517538165,0.01446833336,0.02648800798
0.02610925084,0.9063043464,0.01251528609,0.01401074581,0.007838763225,0.0138156371,0.01940600084
0.1106329131,0.7412556838,0.01410771389,0.008232002824,0.09361948013,0.01860488198,0.01354729951
0.2441514948,0.6633575785,0.01267808175,0.009383882099,0.04515388346,0.009130692286,0.01614440679
0.046848045,0.886828341,0.01427034804,0.0125469012,0.01009293862,0.01795291432,0.01146047543
0.068417651,0.8516012032,0.01973993943,0.01840841444,0.01160937694,0.01567962896,0.0145437585
0.2226853609,0.7044390481,0.01494320737,0.01594501921,0.01542704451,0.01171713423,0.01484319212
0.3149623315,0.6215469175,0.01057315564,0.01499642978,0.01631091633,0.009656680099,0.01195361877
0.03841565989,0.8814209965,0.01487458042,0.01475862576,0.02608210762,0.01130834679,0.01313971059
0.3098303599,0.6079462101,0.01736394871,0.01671651502,0.01931479852,0.01339688829,0.01543126328
0.04808164019,0.8877312284,0.01708915254,0.01072782054,0.01420174438,0.00880111425,0.01336730753
0.03450836015,0.8749596442,0.01516845877,0.01819752611,0.03306729463,0.01161262925,0.01248605136
0.4811928361,0.2506614844,0.008338755368,0.01377562667,0.02424434448,0.1819969479,0.03978999164
0.1193364563,0.7959441783,0.01411604324,0.01882586349,0.01716540272,0.01483646729,0.01977562004
0.03566192709,0.3975642879,0.07723863974,0.03952635864,0.4055915361,0.02983106635,0.01458619135
0.03950815433,0.883342789,0.01448273768,0.01676767066,0.02210545156,0.01195707155,0.01183612887
0.265980942,0.4311396728,0.06174419546,0.01362585696,0.1924545224,0.01782762062,0.01722717826
0.02733461548,0.9058025137,0.01431427049,0.01404624638,0.008730847818,0.01799931101,0.01177222646
0.08757958198,0.8298641576,0.01070308736,0.01262726564,0.02037313962,0.00884276859,0.03000996388
0.6454075232,0.2408714249,0.02393118199,0.0374499868,0.008283315348,0.02622626706,0.01783031661
0.3326809985,0.5483365875,0.0214940731,0.03330663861,0.0360511269,0.01775956059,0.01037104016
0.2719183145,0.6540503404,0.01258730945,0.01720105142,0.01185478961,0.01649127269,0.01589695013
0.02628842503,0.9029790967,0.01449224972,0.01615295364,0.009994384957,0.01032403979,0.01976880138
0.00753809141,0.02667805048,0.1604043143,0.1105034606,0.6346649639,0.04148247572,0.01872862026
0.1720646617,0.7633785493,0.01191486725,0.01588893846,0.01321220009,0.01117039562,0.01237042394
0.1326159694,0.7781357254,0.0159691236,0.01189654184,0.03185043457,0.01817239431,0.01135978109
0.09232966631,0.8228344671,0.02034862863,0.02270890379,0.02126670338,0.007110455952,0.01340116499
0.5054178971,0.3648208291,0.04732135943,0.02050103173,0.02423860596,0.02412576291,0.01357451471
0.1491523271,0.7595474955,0.03086959424,0.01311331674,0.00497055633,0.01465593915,0.02769079307
0.04017588148,0.9017344661,0.01455518377,0.007584253642,0.007654908267,0.01883195835,0.009463320296
0.1767796473,0.7343975901,0.01383165026,0.0271144518,0.009972845741,0.0178707448,0.02003304834
0.5538695535,0.2504231288,0.01541287161,0.01451695929,0.08994277916,0.02363487895,0.05219982889
0.07222360433,0.8561574528,0.01529415953,0.01570479674,0.01389508102,0.01432799159,0.01239687904
0.0338064261,0.8607143104,0.01793144867,0.01252408007,0.04812132343,0.01728996289,0.009612428286
0.2259342719,0.1885935335,0.4495737745,0.04347944021,0.037208386,0.03372057411,0.02149002546
0.1794153348,0.7208645042,0.01657699877,0.03018191998,0.01370591438,0.01855271542,0.02070258769
0.005521774547,0.77050858,0.05158317185,0.01768308525,0.1311182619,0.01105443619,0.01253070426
0.0714357875,0.8588165614,0.01508093891,0.006560275181,0.0290160796,0.008407139377,0.01068318379
0.02286083535,0.9188423424,0.01038111896,0.01655828875,0.01118563503,0.01010542318,0.01006641714
0.1500320078,0.206045724,0.06951993739,0.01844885193,0.0167253148,0.008890622812,0.5303375181
0.02071715144,0.9058603826,0.01342444039,0.01797365555,0.01717615629,0.01423252676,0.01061564247
0.3166923645,0.6334467606,0.007276569135,0.01730142712,0.004230039143,0.01191692347,0.009135838249
0.03343936469,0.7069241812,0.1954587417,0.01634903725,0.01461094279,0.009537062545,0.02368071813
0.04115287471,0.9011380897,0.01340869785,0.009926861496,0.009140006064,0.01403322282,0.01120017113
0.1069219565,0.7956767137,0.0189320523,0.01655161961,0.02064600257,0.014344128,0.02692752013
0.009471841509,0.08392267024,0.8261978678,0.01748359059,0.02246506388,0.01513810639,0.02532081722
0.07603954152,0.8584576198,0.01532303725,0.01442037678,0.008279050964,0.01362710859,0.01385329193
0.09253528837,0.818780617,0.01072789494,0.03082739048,0.009775346173,0.02397128179,0.01338218263
0.317955993,0.6073058139,0.01579278711,0.018022985,0.01098661103,0.01447382238,0.01546197299
0.05773679169,0.8774450142,0.01370751698,0.01219558012,0.009660284723,0.0116049164,0.01764983409
0.6920049192,0.2361587687,0.01366885602,0.01139614447,0.0161862151,0.0152239374,0.01536117437
0.02420588811,0.8997598168,0.01985708164,0.01299768305,0.01981951394,0.009761279995,0.01359873661
0.5787607977,0.3380478908,0.0117482001,0.01328484635,0.02857343461,0.0161083204,0.01347653217
0.05997915994,0.810180678,0.02693542071,0.02765402166,0.04820587703,0.01101854983,0.01602628291
0.09775122847,0.8145970903,0.01616007973,0.01760463475,0.03325747617,0.008402361151,0.0122271493
0.4272286165,0.2200837927,0.01846115576,0.03566782065,0.2608660714,0.01267340377,0.02501913385
0.4790018515,0.4226788727,0.03907306577,0.01408471107,0.01921617537,0.01401581321,0.01192950175
0.2106891618,0.710558654,0.0200342645,0.01683350191,0.01492893434,0.01107884717,0.01587664134
0.13332834,0.7841621233,0.02182268774,0.01903290861,0.01137006149,0.0139427546,0.01634115382
0.1012921139,0.827420011,0.01738268394,0.01057101127,0.01304975717,0.01441329482,0.01587110092
0.08211780656,0.8571663573,0.009456277518,0.01459873398,0.007567537486,0.0162854082,0.01280786188
0.1053374473,0.8139681579,0.01949229184,0.01007886668,0.0114399273,0.02204907513,0.0176342515
0.3281717376,0.5622813302,0.01639790652,0.02573562464,0.02110075488,0.02743231585,0.01888032983
0.1566472131,0.7610971195,0.01465916058,0.02385594296,0.01730516176,0.01000491124,0.01643048198
0.1286673882,0.798172838,0.01122617379,0.01473068866,0.01018455929,0.0181790443,0.01883935672
0.01982576484,0.9059211801,0.0137967744,0.01694858262,0.01059680349,0.01582429549,0.01708655357
0.08762917413,0.7736393256,0.0184721118,0.03231190359,0.04548619528,0.02422070174,0.01824059004
0.01738756488,0.5661383694,0.0167174336,0.01486908668,0.02920644083,0.329618984,0.02606212287
0.01931981984,0.9007640034,0.01281819584,0.01277797318,0.02351796608,0.01572553168,0.01507653305
0.0806960021,0.6352799493,0.01567583541,0.03271313465,0.2013414279,0.0161223888,0.01817123401
0.02600556577,0.8133616626,0.00996623186,0.0182811049,0.1060542183,0.01346424715,0.0128669855
0.02454552957,0.8931620177,0.01335173427,0.02867116809,0.009065013656,0.0160919656,0.01511252086
0.01416176453,0.9051254781,0.02936318659,0.01141759781,0.01239027179,0.01424197991,0.01329976714
0.0214686171,0.8952134584,0.01521014094,0.01544804769,0.01493363395,0.01668745337,0.02103864942
0.01762945121,0.9041016861,0.01831218492,0.0145003454,0.01329620482,0.01672814248,0.01543193816
0.020005008,0.8844679116,0.02386317527,0.03267864207,0.01243877439,0.01329135624,0.01325511483
0.08030397721,0.7951706159,0.01676655515,0.02091083467,0.05063401517,0.01383186383,0.0223821992
0.007943401793,0.8049832695,0.01481340956,0.01975758718,0.1151360866,0.01836742445,0.01899878872
0.007571679185,0.1800046686,0.3186980994,0.009744189609,0.448688526,0.0163439852,0.01894885925
0.01771968627,0.9025411464,0.01438861227,0.01625940215,0.02122581853,0.0139121434,0.01395320116
0.01179266932,0.9237824353,0.01129140222,0.0135240113,0.01269027199,0.01379536116,0.01312384814
0.1105820002,0.7928849534,0.01169631901,0.0354291652,0.01572224083,0.01593530718,0.01775003466
0.03745596325,0.8753205052,0.01667671365,0.01864828106,0.01944784924,0.01721794022,0.01523274367
0.03331175186,0.8828711482,0.01762547904,0.01617977992,0.01219396533,0.02128950993,0.01652835038
0.2458779549,0.6634968293,0.009114341104,0.02030790287,0.01689804298,0.02582426833,0.01848066952
0.01018527955,0.8994572061,0.01175668199,0.01976482447,0.02945014544,0.01130171777,0.01808417424
0.0132660308,0.8862083838,0.01456928945,0.02431799099,0.02119465512,0.01668742382,0.02375623161
0.02163659937,0.07971271411,0.5393891552,0.01077212217,0.2969299944,0.01869859636,0.03286081605
0.01718175485,0.9024013936,0.01675188886,0.01872199978,0.0119872126,0.01834154851,0.0146142014
0.07298117227,0.8272024068,0.01613547781,0.03695982059,0.0115185916,0.01750746667,0.01769508885
0.02050681788,0.9031917534,0.01342831571,0.01319830039,0.01349431419,0.01826008221,0.0179204117
0.01920662396,0.900468639,0.0219198989,0.01289952287,0.019944202,0.01169779433,0.01386329241
0.02628606749,0.8909764438,0.02443480439,0.01500966124,0.01356659174,0.01544521349,0.01428122794
0.01083495675,0.9100226787,0.0101039671,0.02171067044,0.0183489029,0.01649886808,0.0124799521
0.02105835177,0.8792645023,0.01815064138,0.03016156671,0.01239592763,0.02310901409,0.01586005491
0.03108324436,0.8872530787,0.01748127795,0.02100323691,0.01444322171,0.01210161663,0.01663429156
0.03143767366,0.8819776771,0.01880373178,0.01655043126,0.007862849306,0.02492518811,0.01844248343
0.0229098827,0.8791300306,0.01165931311,0.03514549208,0.01572902876,0.0163473812,0.01907886657
0.1998210329,0.7177058025,0.01300666372,0.02085299939,0.01172731693,0.01631202448,0.02057414085
0.02550613543,0.8984244743,0.01696561205,0.01621422384,0.01349245188,0.01367905116,0.01571802181
0.04065351907,0.8397126202,0.01429967972,0.01806759772,0.01251823862,0.03753359526,0.03721473169
0.01719406589,0.902297804,0.01565519024,0.01710633787,0.01123336378,0.01973953332,0.01677367875
0.01957517793,0.9005149555,0.01376989592,0.01897759299,0.01343586736,0.0148232516,0.0189032795
0.01380369338,0.9159868561,0.01314864385,0.01809601538,0.01244035419,0.01501409975,0.01151034352
0.02060850473,0.8488243571,0.01555489604,0.06330901698,0.01667842984,0.01887239399,0.01615240725
0.02469245248,0.8836158353,0.02033243971,0.01806685691,0.01462234396,0.01453234777,0.02413770912
0.07815104422,0.8210213528,0.02790641257,0.0230615391,0.01148930907,0.02397520987,0.01439514468
0.01882165391,0.9252809786,0.01036458282,0.01086139724,0.007216826434,0.01355860216,0.01389600201
0.1464429239,0.7793168224,0.01069330596,0.01724354562,0.0153301813,0.01482357615,0.01614961783
0.007393922967,0.8877981217,0.02199501036,0.03359284538,0.0195919496,0.01154384623,0.01808433357
0.02078214927,0.9166111673,0.01353537568,0.01564650355,0.008906899064,0.01441145922,0.01010639956
0.02695596305,0.880329347,0.01807576727,0.02019585602,0.02146932018,0.01587193825,0.01710175652
0.02531907578,0.8930200431,0.01337877475,0.01559727578,0.02379017826,0.01390488317,0.0149896847
0.02478905906,0.9012240094,0.01121240575,0.01912147762,0.01587304812,0.01478231933,0.01299765279
0.02291860908,0.9073456183,0.01147343673,0.01110803559,0.0184056877,0.01509129126,0.01365734058
0.2650039438,0.646334086,0.01600672242,0.02823610656,0.009635886592,0.01382260121,0.02096064976
0.02455038905,0.8275832762,0.0150550736,0.02146136696,0.07181673754,0.01927897787,0.02025415023
0.02241055677,0.9071613263,0.01231233937,0.01304771054,0.01160994861,0.01659333719,0.01686476511
0.2536869055,0.6483385468,0.02749864197,0.01526021846,0.01722059033,0.01970755502,0.01828756339
0.009490898178,0.9037606645,0.0251892821,0.01623130555,0.01132281901,0.01774110841,0.01626392815
0.03443974538,0.8218342461,0.01888598107,0.02290921114,0.0435388063,0.04772826441,0.01066371931
0.0560261763,0.8761021952,0.008921346131,0.01946377102,0.01278677635,0.01095977378,0.01573996603
0.03013892025,0.8907458302,0.01244828023,0.01514741049,0.01994407712,0.01916662776,0.01240880848
0.01406684542,0.9181811206,0.01388161481,0.01516591248,0.01299096218,0.011189361,0.01452415406
0.02913526821,0.8959188981,0.01623123649,0.01802169758,0.008674512488,0.01542634659,0.01659200539
0.02271066045,0.4802016839,0.01978554856,0.02947859014,0.4116627436,0.01736200746,0.01879877848
0.01952210286,0.8887709061,0.01304824926,0.01341353001,0.01130672946,0.01533812905,0.03860038024
0.388191303,0.5117923331,0.01854037207,0.02791224485,0.00838828263,0.02216414622,0.0230112877
0.282638806,0.117216055,0.3645595276,0.1293936183,0.05087281746,0.02552410956,0.02979509625
0.009165214764,0.9295158067,0.01230635002,0.009023968904,0.01512918081,0.01420856313,0.01065091597
0.02854298213,0.8979603287,0.01524361117,0.01823266184,0.008078712568,0.01505047691,0.01689124203
0.4497109818,0.449456378,0.01823202631,0.01951516847,0.01707904951,0.02691643335,0.01908992054
0.02395668868,0.8827027994,0.008601321295,0.01051689934,0.05293000291,0.01144290649,0.009849427555
0.02648659925,0.881343523,0.01423566105,0.01786950793,0.01605454866,0.01806300257,0.02594719075
0.1248276526,0.6058905135,0.01304907266,0.01659665637,0.2132413477,0.008738655971,0.01765613609
0.008442907927,0.9268151691,0.01273292816,0.0135206171,0.007588889407,0.01641222215,0.01448729184
0.01994483096,0.7916094116,0.01276206166,0.01132172445,0.1191962846,0.02960102541,0.0155646814
0.01322379169,0.91182249,0.01413059693,0.01427709137,0.01231814526,0.01899110751,0.01523679967
0.02553464449,0.8547595283,0.01585028096,0.02433415503,0.02638616475,0.0104701331,0.04266506525
0.1598387036,0.7554441846,0.01626679643,0.0279108648,0.008195726718,0.01912409172,0.01321961235
0.01438390631,0.9030169003,0.01479233538,0.02151664955,0.01343855174,0.01655659009,0.01629503735
0.03172013258,0.8754346046,0.01797821747,0.0192779375,0.01956760091,0.01976100911,0.01626049075
0.01104702393,0.9215785659,0.01395113998,0.01295135077,0.01387512797,0.01294610985,0.01365063281
0.01112195116,0.9112005461,0.01734555241,0.01498462926,0.01162229966,0.01461058414,0.01911440927
0.0116212853,0.9111410774,0.01706017436,0.01728145955,0.01605959268,0.01117408257,0.0156623394
0.9023242403,0.02465351002,0.02348853926,0.01379847759,0.01047622122,0.01653884803,0.008720133119
0.01306550707,0.92548632,0.01146739473,0.009116031558,0.01250579736,0.01774878418,0.01061014139
0.03293435962,0.3409626731,0.02485535292,0.02150487949,0.5291742746,0.03636719945,0.01420124781
0.04548230673,0.847435937,0.01668239064,0.02700262104,0.03341759412,0.01282720131,0.01715199094
0.02317749596,0.8999676412,0.01718532626,0.01347743188,0.01226598358,0.01241238988,0.02151377546
0.01366864144,0.8895313301,0.01230580986,0.01073948961,0.0144869671,0.0113667065,0.04790112186
0.008934388275,0.5991074684,0.01375345872,0.02156633802,0.2886525818,0.04301713714,0.0249686534
0.04498262843,0.837369624,0.01472531033,0.01725392332,0.02990588957,0.03907425439,0.01668834141
0.060122697,0.7073205041,0.01012201523,0.009575086879,0.1167348296,0.07960096671,0.01652390124
0.02324276541,0.8952901327,0.01547665165,0.0205981609,0.01173471703,0.01734753202,0.01630995844
0.03584689852,0.2200158497,0.0231740365,0.01850071938,0.6488490053,0.02057439517,0.03303911045
0.02638605827,0.8794323155,0.0179472133,0.02052929366,0.01572275136,0.0209278958,0.01905447473
0.01264035687,0.9101777263,0.01186070461,0.01438871187,0.01392319984,0.01702264739,0.01998665407
0.03147086921,0.8119812692,0.01552947474,0.01101062982,0.05452005739,0.06224590464,0.01324182092
0.2256461144,0.3714627081,0.07548642637,0.04059216939,0.2479105715,0.01973806576,0.0191639135
0.09931358154,0.7275014191,0.01504272595,0.0164085104,0.1076193052,0.01350014126,0.02061435885
0.02159542938,0.5191170094,0.01501454732,0.01446846449,0.3120719883,0.09493020521,0.02280227881
0.01809129516,0.8823770125,0.0145979627,0.03628915863,0.01750764525,0.01658042748,0.01455649165
0.007651248574,0.9143306639,0.01271079563,0.01676012644,0.01956017346,0.01723670665,0.01175033477
0.05047094602,0.8715775921,0.01522908619,0.01331311738,0.008565816699,0.02708079051,0.0137626275
0.05170540111,0.8986670776,0.008300503543,0.01540401738,0.009057913098,0.007927543368,0.008937544129
0.0196491924,0.889471635,0.0159017556,0.02429171406,0.01702242976,0.01715558507,0.01650768291
0.2618857895,0.01899229443,0.06390751296,0.04676231529,0.03772155757,0.05237723938,0.5183532784
0.02975872036,0.8539688883,0.01275505964,0.0171443631,0.01033185349,0.05746254835,0.01857859342
0.304141248,0.6027829241,0.008096627047,0.02527155427,0.02249573255,0.02127940371,0.01593253965
0.01371265124,0.9098917082,0.0154229875,0.01777042576,0.009233367833,0.01974009319,0.01422872909
0.03655004857,0.8856189274,0.01617975126,0.02368530681,0.009758287702,0.0137387261,0.01446893768
0.0263539441,0.8933206948,0.01116423174,0.02791860373,0.01253715613,0.01395409456,0.01475128703
0.01250844712,0.8982624191,0.01696765746,0.01847368276,0.01456336199,0.01804137026,0.02118309369
0.01646700341,0.9195794481,0.01242397834,0.01601447936,0.01115493086,0.01296201,0.01139819707
0.03933075957,0.8708746599,0.02237929652,0.02195869061,0.01427068778,0.01480042064,0.01638549633
0.02057328896,0.8613566334,0.02060793688,0.02697682895,0.03350272489,0.01912367056,0.0178589514
0.05512090736,0.8276747768,0.01992190259,0.02619507614,0.02494662291,0.02184975598,0.0242909219
0.01229895537,0.8568281546,0.01534106526,0.02478694702,0.06019667948,0.01743886214,0.0131093703
0.008785500387,0.9185279371,0.01208873258,0.01668368638,0.01334213368,0.009230609596,0.0213413939
0.009940751601,0.9112812643,0.01600018941,0.01688066749,0.01216794386,0.01933504774,0.01439413872
0.02804694043,0.8548971528,0.01033328909,0.02864975616,0.05137363397,0.0136665102,0.01303269946
0.03050995596,0.8624028468,0.01910551281,0.02488446294,0.02406911122,0.02097853329,0.0180495866
0.01263763654,0.9040128004,0.01633766059,0.01976588846,0.01103174889,0.01527095795,0.02094335573
0.01580814433,0.8312476307,0.01299604309,0.01158230307,0.01401883301,0.01724692524,0.09710010292
0.01109901451,0.8989164308,0.01469255716,0.01325580514,0.01091252512,0.01357671156,0.03754698698
0.01170294675,0.9082400489,0.01386359084,0.01799139053,0.01148009871,0.02064058943,0.01608136723
0.02844637267,0.8482281816,0.01848263264,0.03539941903,0.01682239282,0.02105072937,0.03157031704
0.01547644906,0.9091323013,0.01171722229,0.01589203185,0.01414419652,0.0126000523,0.02103776272
0.02661978426,0.8950602867,0.01338596628,0.02014541416,0.01226462578,0.01549834946,0.01702558713
0.02845714584,0.8744345688,0.01053611114,0.0117315155,0.04841909763,0.01461925661,0.01180233848
0.02109001555,0.7917889971,0.0113207831,0.01535928472,0.1308185748,0.01200793083,0.01761446519
0.01731261864,0.88255931,0.01645225161,0.02157122508,0.01946843482,0.02722882837,0.01540736
0.01339528339,0.8971639824,0.01288838007,0.03232168325,0.02050910746,0.009762249601,0.01395937406
0.1105321474,0.7082565802,0.01052276834,0.02255086445,0.1011091693,0.02563243077,0.0213960538
0.03462194716,0.8859171447,0.01716408013,0.01741022576,0.01456153698,0.01603898605,0.01428603068
0.01095182995,0.9047640725,0.01345719087,0.01825255751,0.0142535306,0.01021899788,0.02810189549
0.014127948,0.8877267211,0.01442873659,0.01208717024,0.03673815385,0.01172756017,0.02316375323
0.007419925098,0.9249015179,0.0116229532,0.01223432574,0.01733849878,0.01200214894,0.01448058274
0.01609194022,0.8938334423,0.017434513,0.02075869657,0.02012897195,0.01153394874,0.02021847729
0.02257518433,0.8903116852,0.01582752005,0.02450598914,0.01597700649,0.01448037435,0.01632225806
0.02210939874,0.9012512276,0.01460250966,0.01459045251,0.01227493631,0.01812219977,0.01704927943
0.257018781,0.6615950665,0.01593757855,0.02236976791,0.007240773869,0.01971671183,0.01612129055
0.01087234596,0.9080743255,0.01297728569,0.02066150858,0.01791911079,0.0130779923,0.01641745865
0.03129876783,0.8672984521,0.02552929888,0.02300095592,0.01330274831,0.01898159692,0.02058817725
0.01592569413,0.9023580061,0.01164796618,0.02134559012,0.01390899167,0.02105291218,0.01376079433
0.02409905472,0.9028256464,0.01520181752,0.01618825271,0.01068311708,0.01703667426,0.01396538961
0.0252418039,0.8881300751,0.01877640175,0.01720272255,0.01522195876,0.01759880063,0.01782822528
0.0130285177,0.9023615095,0.01703655974,0.03024019228,0.009581667893,0.01290683084,0.0148447496
0.2911399577,0.6159782723,0.01374858049,0.02561472609,0.01266963639,0.01773268463,0.02311613965
0.06521406954,0.7950161832,0.01428347788,0.01190705149,0.01134662199,0.08570404572,0.01652854748
0.012399961,0.9159687778,0.01068863091,0.01438193893,0.01791352419,0.01719052409,0.01145662466
0.02622993882,0.8919674924,0.01839474398,0.01538280883,0.01822696198,0.01646965317,0.01332838719
0.1828132853,0.7196700256,0.01722160184,0.03294506392,0.007720336884,0.02122914477,0.01840054468
0.0402922073,0.8924802178,0.01210667485,0.01121853972,0.01320138648,0.01665624235,0.01404469479
0.006452013227,0.9384119082,0.01566314089,0.01012154358,0.009472019683,0.009081480583,0.01079784932
0.008207823387,0.8782613434,0.01433239124,0.01668676538,0.007848853833,0.0494007699,0.02526204792
0.03381533859,0.8621004219,0.01515303428,0.0215862659,0.02792344916,0.02173564917,0.01768580396
0.02543957503,0.8686339367,0.01101580297,0.02649598405,0.04038860254,0.01327990105,0.01474621603
0.01729499566,0.895682655,0.02811089679,0.01773245365,0.01078235298,0.01191236324,0.0184843049
0.05031947104,0.5152403565,0.07552754545,0.04094302482,0.1695815704,0.02897422151,0.1194138
0.008361952804,0.8519144855,0.01037705355,0.0166408278,0.08021627019,0.02017145896,0.01231793743
0.02790737469,0.8977124269,0.01583280539,0.02192535937,0.008880246296,0.01387017701,0.01387169066
0.08894902428,0.8059950546,0.008892871577,0.03591800918,0.01210558025,0.02690896987,0.02123049307
0.03494696261,0.8791825952,0.01489660057,0.02098565745,0.01221861476,0.01782905524,0.0199405192
0.05044210492,0.416541249,0.02726699015,0.01528667675,0.4303521025,0.01973223806,0.04037861208
0.04456698374,0.8723955321,0.01823248122,0.01235820003,0.02320557909,0.01850138388,0.01073980802
0.02222570298,0.8979033027,0.01577702278,0.02112712294,0.01166888932,0.01496807382,0.01632985205
0.02907332087,0.8605291369,0.0162943361,0.03527960965,0.02731507762,0.01312588822,0.0183825994
0.03192718112,0.8892899533,0.01320591514,0.02268638134,0.01325213774,0.01581532667,0.01382308595
0.02104206938,0.8532306718,0.03706080844,0.01544995844,0.00912911933,0.0226274744,0.04145989354
0.03325366415,0.879930133,0.009894359434,0.03323094063,0.01530607842,0.01766187944,0.01072297608
0.02449000995,0.5919686906,0.01167835103,0.0304369023,0.2894755577,0.03142051236,0.02053001439
0.03141205097,0.8689307271,0.0177951198,0.02589889069,0.01176841625,0.02602508268,0.0181696987
0.07058314485,0.8319595607,0.02100749417,0.02014256815,0.01617480238,0.02354870178,0.01658369385
0.0135975461,0.8106533184,0.01022547805,0.01079643532,0.04575713934,0.09563058638,0.01333946773
0.01506550359,0.8986268279,0.01563725178,0.02687950236,0.01628709983,0.01204313148,0.0154606557
0.03267704743,0.8824381876,0.01390682885,0.01861109283,0.01247632426,0.01991325062,0.01997727441
0.03692246728,0.8881685826,0.01246310594,0.01376372577,0.01324812493,0.0159614988,0.01947242544
0.02560566944,0.8870670733,0.01575906951,0.01954086566,0.01435728864,0.01762277115,0.02004719452
0.01969290006,0.4786570467,0.009923467537,0.02703350009,0.2413193537,0.07892968278,0.1444440595
0.01591640749,0.9156971669,0.0151465723,0.01124888569,0.009467102897,0.02004457124,0.01247931548
0.2057000685,0.694003509,0.04920779191,0.01703333567,0.005717285442,0.01166491672,0.0166730501
0.01822577927,0.9143745083,0.01480237994,0.01356540767,0.0129947921,0.01423486776,0.01180224662
0.04651406588,0.8758531316,0.01628745024,0.02045669268,0.01834153018,0.009609633957,0.01293751004
0.03393150098,0.8812473696,0.01197046329,0.01696535492,0.02969970564,0.01462485191,0.01156072414
0.04797517339,0.8907984487,0.01509062941,0.01304866943,0.008172987691,0.009614904278,0.01529913941
0.4274074395,0.4845245415,0.01727231685,0.01808414916,0.01515284195,0.01699552301,0.02056318994
0.1041575903,0.8400049952,0.01207806664,0.01416315865,0.005882106589,0.01335689646,0.01035718662
0.08574261639,0.8289836531,0.02005665916,0.01460011675,0.01760727756,0.01525234661,0.01775737906
0.130706859,0.7738050874,0.01671148208,0.03029808185,0.008913188642,0.02051489522,0.01905045252
0.01253376014,0.9230386541,0.01277372729,0.0111688391,0.0170119586,0.01018321581,0.01328986369
0.04030864205,0.8595961031,0.02969505614,0.01742595576,0.007569277624,0.02567464334,0.01973029888
0.2546992728,0.6081903492,0.01097582992,0.01442274391,0.006905667619,0.009518667168,0.09528742056
0.1857134834,0.575653018,0.1036576765,0.01507751646,0.08838798801,0.01688108241,0.01462925601
0.2847647542,0.6292741132,0.01930211105,0.02052861667,0.01372944581,0.01596833948,0.01643258623
0.3567029503,0.4816522054,0.01233311765,0.0188904607,0.04153645945,0.03580065613,0.05308416478
0.4248905943,0.4905360019,0.01215136187,0.02852070998,0.02125567638,0.01018752206,0.01245814297
0.2699949289,0.6658294423,0.008867096924,0.01425099796,0.01767585058,0.01007233872,0.01330936578
0.09928171208,0.802221869,0.01651252615,0.02120228953,0.01261674055,0.03138656033,0.0167782325
0.03895482909,0.8898963977,0.01757862347,0.01763609645,0.01541526499,0.009293560398,0.0112252512
0.2885080625,0.6531889344,0.01365074683,0.01071191278,0.01458652269,0.008650588166,0.01070321341
0.01224171968,0.05298483727,0.8829763263,0.008475046924,0.01132673411,0.01819299379,0.01380230733
0.100498811,0.53843439,0.01329776079,0.2334956708,0.05824254282,0.02737666525,0.02865415722
0.2088438616,0.7064221438,0.01406365182,0.02258417002,0.01981312995,0.01453469289,0.01373834933
0.04072493793,0.8768477574,0.01105348687,0.01289748002,0.02627659943,0.01647483018,0.01572492496
0.1843531475,0.7322287217,0.01459125979,0.01207344148,0.022762182,0.01511270062,0.01887853433
0.2003526262,0.6270356575,0.01184789976,0.03387648795,0.01132391672,0.009301375124,0.1062620343
0.3702726463,0.4766945021,0.01871192383,0.05944354279,0.03317702879,0.02204144506,0.01965891218
0.2729529689,0.5956296055,0.02292759291,0.01956800438,0.04552524881,0.02051401805,0.02288256346
0.03857767696,0.8279289311,0.01206683672,0.01484877485,0.06240879976,0.02232740845,0.02184157383
0.06494885912,0.8504170582,0.01853263695,0.01505334028,0.01232154192,0.0196401139,0.01908646323
0.3700285356,0.5394866923,0.01954364212,0.01506254649,0.01074683456,0.01581802599,0.02931373414
0.1353782374,0.7738286685,0.01977118609,0.01382958649,0.02151790073,0.01780546764,0.01786897706
0.02878583248,0.825091171,0.01394657546,0.1016682301,0.009461823854,0.01065116852,0.01039520141
0.0372699124,0.8516089347,0.0122649253,0.02385556454,0.03288357443,0.02506311406,0.01705400026
0.3809370955,0.452061242,0.01415976865,0.04012196151,0.07085288486,0.02521391913,0.01665312246
0.1386404165,0.7249438345,0.01029149269,0.004935882468,0.01620595827,0.004589014998,0.1003934399
0.1882668818,0.6542370857,0.02154508481,0.0086576966,0.006349610237,0.02259430081,0.09834934826
0.3014811164,0.6144986406,0.01075627536,0.02544653921,0.01850138093,0.01440803858,0.01490803678
0.2169244327,0.5514509067,0.0642519978,0.01744724123,0.1113483736,0.01474253037,0.02383452806
0.01508126717,0.6559458548,0.0185226984,0.009746049898,0.00643085385,0.264335607,0.02993765895
0.1966809166,0.6842590968,0.01341643413,0.03279183571,0.02072644341,0.02185811705,0.03026709737
0.170602685,0.7067957958,0.0169692279,0.03959071221,0.03659068059,0.008509029131,0.02094186703
0.03172275602,0.1842684504,0.5665682944,0.1739526944,0.01302086181,0.01676096736,0.01370601266
0.01835384595,0.02241208638,0.9096961114,0.009987476531,0.01150290502,0.01596894336,0.01207866547
0.009723964335,0.02093164566,0.8914618077,0.02290680768,0.008710324085,0.01575501702,0.03051037372
0.005172221696,0.07153800264,0.7881522081,0.02084840439,0.05603962915,0.04707831853,0.01117121031
0.003810258482,0.03252835797,0.8811747389,0.04543903579,0.02015119669,0.009840081553,0.007056284306
0.0240341194,0.02049449347,0.9037077199,0.01268682127,0.01686691003,0.01461665173,0.007593247643
0.00582056399,0.02315169866,0.9270215174,0.0120700138,0.01040296866,0.01164448252,0.009888751841
0.00897159179,0.1359904663,0.7582686384,0.01040155145,0.04719464069,0.02679219252,0.01238089702
0.005833573604,0.0192978998,0.9246746948,0.01302975925,0.01305090856,0.01294482142,0.01116838923
0.01755009622,0.04474202394,0.751655942,0.1414105818,0.02303184734,0.00982345381,0.0117860841
0.007624671489,0.02325752361,0.9123900306,0.01147583071,0.01100241754,0.0176390577,0.01661046938
0.004148161964,0.01731958753,0.8867411908,0.02740763793,0.02510968268,0.02550725088,0.0137664703
0.0165865231,0.02363561882,0.9069442467,0.009945262127,0.01665853886,0.01346525551,0.01276454896
0.008056209902,0.52610768,0.2493440279,0.01119425687,0.0267328849,0.1681872042,0.01037768895
0.009440405722,0.06056277581,0.7628072083,0.02549467681,0.1057948466,0.01641888782,0.01948119935
0.0197700252,0.150621065,0.6150513945,0.02453839246,0.1393836678,0.01313988314,0.03749554589
0.004442205996,0.02148088562,0.9239053627,0.01028687795,0.01246151137,0.01339672894,0.01402640328
0.01873487733,0.0441172741,0.8931527052,0.01183859865,0.004799902997,0.009471816683,0.0178848355
0.004620984448,0.02520915732,0.9451993669,0.005104961216,0.00339451388,0.006014710443,0.01045632696
0.06841963934,0.03667158774,0.7183732993,0.04515080542,0.08590018199,0.02618146101,0.01930308225
0.04695348545,0.04260625222,0.8468010699,0.009100611112,0.01420377048,0.01613586717,0.02419894427
0.005684419124,0.0208826144,0.8520087292,0.09878524816,0.007894569989,0.008063292273,0.006681084837
0.02589135543,0.02296523119,0.8177219729,0.02436155726,0.02512752926,0.07335267862,0.01057967947
0.005866952311,0.01455919495,0.9053184214,0.03241331182,0.0119173757,0.01630338098,0.01362138721
0.008769971598,0.050315982,0.9036456772,0.007667258313,0.007004980488,0.008227381629,0.01436874699
0.007902170337,0.02836073452,0.9178019959,0.01194091225,0.00838578214,0.01783251598,0.007775953533
0.01443136696,0.218717679,0.5450527371,0.03057119728,0.1333578444,0.03949396212,0.01837522884
0.05768537553,0.07563600659,0.8059435506,0.01069828087,0.02147718145,0.0172875543,0.01127211757
0.01139294124,0.0465272354,0.8509170474,0.04310050188,0.02566842262,0.01082672906,0.01156708126
0.01921804014,0.02711283719,0.8890355579,0.02017058095,0.01572141242,0.0145210374,0.01422049922
0.03151721382,0.03062303973,0.7429615371,0.03544679194,0.1183789271,0.02931622784,0.01175622114
0.00853267617,0.02426719695,0.8969363416,0.01181912692,0.01653472578,0.0240705838,0.01783935661
0.01865182106,0.2242717212,0.6444852902,0.01212648801,0.01551314085,0.01232164269,0.07262988787
0.01842991889,0.04427509725,0.8788306505,0.02418595554,0.007415155935,0.01035018976,0.01651305965
0.06797951483,0.3470314961,0.5221725872,0.01156681142,0.008846048084,0.03152870916,0.01087479666
0.046352362,0.009454799142,0.9021071159,0.005397251184,0.01992980518,0.01072223272,0.006036430193
0.009307890337,0.04527986745,0.8912308728,0.01368864091,0.0192801857,0.009221840792,0.0119907581
0.006529977659,0.02333948848,0.9196532114,0.01430803508,0.009264484588,0.01315380029,0.01375098666
0.01577825425,0.08742285472,0.63971256,0.1311443537,0.0790403726,0.02604017119,0.02086142383
0.008564157968,0.05983683457,0.6859525788,0.2132679064,0.009779651934,0.01329738305,0.009301595149
0.003156680671,0.03820076892,0.8359806823,0.08117830485,0.01072783925,0.01426601287,0.01648967002
0.008465106924,0.0303110595,0.7799628831,0.110610304,0.01472815525,0.03664486589,0.01927763402
0.00673777798,0.03153547352,0.9185510107,0.0108643721,0.007985132727,0.009457507006,0.01486877594
0.00472139038,0.04525997358,0.7049323985,0.03157964031,0.1833216015,0.01767932341,0.01250572537
0.3454640833,0.4401691739,0.02368857753,0.1343132764,0.01422425115,0.02042390614,0.02171673314
0.006813803137,0.01947373336,0.9354289865,0.01373530086,0.006029554601,0.008543392887,0.009975248632
0.1013370292,0.04014900638,0.8029131559,0.01095433719,0.02662284762,0.01165146941,0.006372154247
0.07208476242,0.02148675158,0.2291954688,0.1977619248,0.2571683972,0.1459587887,0.07634391967
0.00260748542,0.02729546547,0.9239297993,0.007983801342,0.0119912213,0.01762625144,0.008565955816
0.01548058113,0.0260587468,0.9085560085,0.007493124987,0.008858238446,0.0253804266,0.008172911164
0.08239214224,0.02755575493,0.8375134438,0.01067370408,0.01216577234,0.01585506431,0.0138441396
0.006068724038,0.04209203715,0.3607960122,0.4288686869,0.02338448757,0.1242073887,0.01458270425
0.01019135827,0.01154036777,0.7681746285,0.1558933402,0.02360049245,0.01421013105,0.01638967024
0.004048412721,0.06329573481,0.6982938329,0.1003922229,0.09639122635,0.02346816633,0.01411037344
0.01127438493,0.01536052506,0.9014578272,0.01074742137,0.02984127908,0.01449177252,0.01682683703
0.004393051965,0.023787388,0.9237252237,0.01051087271,0.009527831475,0.01941281752,0.008642852907
0.01002807882,0.01431329115,0.3889386259,0.03705360941,0.5134180343,0.01435230866,0.02189603526
0.007339459487,0.03588944657,0.8726359215,0.02788590175,0.01280500592,0.03319864545,0.01024564042
0.003832782215,0.02186754235,0.9257278098,0.01236311815,0.01286883219,0.01285973819,0.01048019849
0.01019569491,0.1758156308,0.7388302628,0.03482935972,0.005616260869,0.02271225989,0.01200058397
0.006752792425,0.02149420666,0.8324956206,0.02828297002,0.01971116339,0.01348974332,0.07777349761
0.009025195371,0.05189359989,0.822104272,0.0174850314,0.008084472788,0.01748955368,0.07391783978
0.03281680423,0.7105030988,0.1796279475,0.01900342358,0.02132434756,0.01603480999,0.02068956948
0.4808894449,0.1210812841,0.09168034024,0.100092247,0.01055528269,0.1741863711,0.02151501028
0.007584805912,0.1158526048,0.7672990138,0.01453207969,0.06110234409,0.01255187431,0.02107724081
0.01115630219,0.02529972646,0.4372018562,0.3988274092,0.0842856872,0.02825069039,0.01497836619
0.124150592,0.0670254895,0.7522312062,0.01448678459,0.01354272405,0.0126512565,0.0159119947
0.00803047145,0.02700006035,0.9048918789,0.01407065179,0.009547509241,0.01914807671,0.01731138909
0.008418876975,0.01526111951,0.09772913702,0.76546291,0.08201220452,0.02100529605,0.01011046582
0.01422004275,0.02063558967,0.8894637027,0.01281985582,0.01827144029,0.02347074146,0.02111857583
0.01369916181,0.03291463811,0.8890430235,0.01691845882,0.01923590365,0.013291122,0.01489772081
0.037939552,0.04056950222,0.7686518807,0.01468606153,0.02880796006,0.08529696334,0.02404808765
0.01147620511,0.3764232752,0.5542331379,0.009454181249,0.009790292843,0.0185616444,0.020061234
0.004422403288,0.01830122944,0.8865502584,0.05782460897,0.008838496431,0.01122356433,0.0128394078
0.009810849862,0.01143033197,0.9168008412,0.02134867152,0.0149924532,0.01235652613,0.01326031624
0.00232393934,0.04008767193,0.5498101061,0.09914742786,0.2867829337,0.01063956181,0.01120833594
0.05810945505,0.2172834363,0.6149125693,0.06736527572,0.01559192998,0.01274466257,0.01399264946
0.006738448415,0.02108587073,0.9064975057,0.01745071135,0.0174500951,0.01468318319,0.01609419183
0.007260185101,0.0351852121,0.9035164207,0.01360797198,0.01256152368,0.01386987095,0.01399882477
0.0290086464,0.07105549343,0.6869377142,0.04106595405,0.1156282158,0.02240191474,0.03390209176
0.008457424029,0.04111224203,0.8971472908,0.008014060292,0.01658884281,0.01321752474,0.01546261988
0.00973584255,0.03188294886,0.896211236,0.01567128052,0.01356200104,0.0146564405,0.01828027765
0.01058366138,0.1260328877,0.8139580887,0.0193491738,0.008408776104,0.01250519863,0.009162240837
0.01413008237,0.3224784093,0.5860818504,0.007958240805,0.01961129113,0.03919298624,0.01054714485
0.008228889418,0.01642196016,0.9112868111,0.01078537126,0.01594996831,0.02013434687,0.01719266629
0.008090715146,0.01658317984,0.9316394667,0.01039244331,0.007495469363,0.01167872836,0.01412001911
0.02539047725,0.4864995507,0.3350429641,0.02156622082,0.07932375566,0.0297411627,0.02243585617
0.01667263239,0.01611063467,0.9043093784,0.01285203386,0.0214653665,0.008566339886,0.02002360419
0.004741026884,0.04249980019,0.8768482672,0.03898579459,0.009725215455,0.01890965189,0.008290250601
0.003697197175,0.03922956128,0.7608222761,0.1230670123,0.01061582131,0.04465989724,0.01790824948
0.01441910077,0.03288250659,0.8883331017,0.008289274744,0.03088018383,0.01394150032,0.01125433599
0.00448909,0.05470959491,0.6385447395,0.2176405405,0.04235883858,0.0256751518,0.01658206777
0.005851436361,0.01788927539,0.9198946101,0.009943826569,0.01469532568,0.01766990748,0.01405560503
0.00513888927,0.02174042189,0.9139291645,0.01636028868,0.01095359702,0.01926455068,0.0126130783
0.01833066208,0.1723182487,0.5010924312,0.07135581435,0.2180363303,0.007270028497,0.01159644828
0.006337940847,0.01513010145,0.922819265,0.01852804925,0.01149230793,0.012860774,0.01283157393
0.01397505888,0.07817605636,0.8012802702,0.009793701648,0.00941395691,0.02649261654,0.06086829752
0.009021906857,0.01713478636,0.9032877572,0.01061108633,0.01761218796,0.02813210495,0.01420019097
0.01188372621,0.01915323686,0.9088791597,0.0140403802,0.01345125425,0.02023208386,0.01236014806
0.006995430736,0.01572709301,0.9343735589,0.01215026317,0.009992318405,0.009708830451,0.01105252397
0.1211270517,0.2831585292,0.5397824744,0.01102665058,0.01345761406,0.01407718336,0.01737046934
0.01835837042,0.01491774805,0.9183335137,0.01184700561,0.01282105751,0.01276532485,0.01095700145
0.002922654527,0.01991355251,0.919822097,0.02594281854,0.01031742154,0.0091803615,0.01190112519
0.01848004605,0.02855636284,0.8760198261,0.01988243591,0.02196885915,0.01460647396,0.02048596287
0.006842994569,0.0208524811,0.9103410825,0.02983907399,0.01118710138,0.01003934934,0.01089795934
0.05831821463,0.1287436003,0.6063538823,0.0199491805,0.04735412538,0.1287398633,0.01054110643
0.01276540372,0.03139653687,0.898031589,0.01691228606,0.008464490411,0.01699993071,0.01542975028
0.02446876079,0.02593388887,0.8339145479,0.009185447682,0.04673990498,0.01276175461,0.04699568807
0.02547208194,0.01115584554,0.9183358335,0.007457434413,0.01611344884,0.01350515994,0.007960192797
0.1248597656,0.04529964559,0.436634289,0.3023708201,0.009541198364,0.0620418632,0.01925244741
0.01423247714,0.08772645093,0.7870827388,0.01684899047,0.0207467434,0.02410169481,0.04926085373
0.009833885216,0.03692682686,0.7231561525,0.06256638319,0.09281944283,0.05535945014,0.01933791151
0.009880341114,0.01284499449,0.9008764106,0.03505505471,0.009743644726,0.01865555955,0.01294392573
0.01080001665,0.01432378544,0.8674365539,0.0347965616,0.02713189327,0.02772826634,0.01778291622
0.006765603546,0.01800065076,0.9119385074,0.01934005172,0.01104825195,0.01552675238,0.01738021869
0.009896954005,0.02934143565,0.8885920195,0.02258739762,0.01324389101,0.01818146645,0.01815680197
0.008773051324,0.4435291823,0.07946678225,0.3579733453,0.0847706827,0.008716490138,0.01677049283
0.008899507847,0.02633501919,0.9045103044,0.007946058376,0.02881336738,0.00785104891,0.01564473835
0.003980061679,0.03850002609,0.8980313138,0.01482334941,0.009285262514,0.01576769976,0.01961228245
0.02365395799,0.05001717563,0.8317084653,0.01115181043,0.05538180488,0.0179126162,0.01017423539
0.01780948713,0.04132889008,0.5370516967,0.3143775029,0.04145048725,0.02643874483,0.02154316734
0.07120798451,0.04516326107,0.7741668104,0.02044941673,0.03771440711,0.0259130332,0.02538509444
0.04577557713,0.05492136747,0.7781161542,0.07351398272,0.01211972428,0.02646258241,0.00909059801
0.1318392883,0.1370227437,0.1989528173,0.04741347034,0.23507627,0.08118433522,0.1685110901
0.007153059866,0.02992725191,0.8075745757,0.1226501805,0.0112446734,0.009925340087,0.01152489783
0.02051219875,0.01141848032,0.1911910926,0.6940809871,0.05469417363,0.01419868533,0.01390433943
0.6035190685,0.03342315421,0.00955559808,0.284204884,0.02796950629,0.02656256412,0.01476524599
0.01521702576,0.04304110544,0.04976763392,0.8380946069,0.03650764794,0.006679937484,0.01069206016
0.033175536,0.07043205738,0.0598649804,0.1465965858,0.6190154481,0.01574337993,0.05517201229
0.08626164406,0.03006473769,0.01705851853,0.5565408423,0.275993753,0.0153666528,0.0187138603
0.02462345991,0.02298997546,0.5746793638,0.1600060771,0.03797414881,0.167245714,0.01248129075
0.012578211,0.0423943384,0.1004415975,0.6371064237,0.1801887008,0.01053159355,0.01675913596
0.5370941986,0.06342250102,0.1204121598,0.1225611861,0.1177223087,0.02524801287,0.01353962087
0.005780426348,0.02785058823,0.4390129202,0.3819608465,0.1043613837,0.02250259811,0.01853130674
0.007974666878,0.02534948253,0.2360452223,0.6802164012,0.0182329888,0.01313045868,0.01905071447
0.1737978063,0.03894865293,0.0267758636,0.4216594919,0.2786875291,0.02736085097,0.03276977326
0.06139870522,0.04878818163,0.0218672954,0.1292439884,0.7104206558,0.01156513897,0.01671603289
0.09076790945,0.02349550185,0.04019831174,0.6175622315,0.2070093409,0.009834683002,0.01113205894
0.2329932069,0.0483189014,0.1089369606,0.4874960735,0.08895288587,0.01215658538,0.0211453576
0.03067167966,0.06784788951,0.03199047224,0.2533609173,0.5837919804,0.01180585492,0.02053126689
0.236788037,0.3265682128,0.2374044387,0.09562138433,0.06592032815,0.01550915583,0.0221884494
0.0176826492,0.0811400913,0.0792784884,0.7188996936,0.07202677064,0.0114084911,0.01956380596
0.02052937032,0.01359659844,0.01914348648,0.9134130944,0.01486453892,0.007900908819,0.01055202854
0.003739087608,0.01221992472,0.02570742707,0.9128546523,0.01390613786,0.02478303363,0.006789662166
0.04478659309,0.226254202,0.01667897137,0.5493121189,0.1306205814,0.01549797828,0.01684955476
0.3750317626,0.06007683318,0.0991529962,0.3645944836,0.03684128199,0.0395194511,0.0247831402
0.03508200699,0.02263803269,0.05600588116,0.7596340044,0.1032823785,0.006556491179,0.01680117774
0.01223684666,0.04184469927,0.03597452742,0.8368046081,0.03981387355,0.01685645624,0.01646898689
0.005373300606,0.01600674221,0.1009835364,0.8312916476,0.02316888739,0.009150528016,0.01402533347
0.02108752232,0.01686548073,0.01711636265,0.8987518873,0.02445099782,0.009938387436,0.01178935766
0.1988993172,0.08556067502,0.1472600406,0.4381102976,0.1014395925,0.01313873287,0.01559135013
0.0360647624,0.2147096012,0.06701677023,0.1026285889,0.5316688313,0.02274419965,0.02516723931
0.004517886123,0.0492110841,0.6586623768,0.1934958396,0.04401574957,0.008468170274,0.04162891888
0.004073518444,0.09014937731,0.6068503263,0.1934288982,0.07082893346,0.01728071352,0.01738825334
0.01058328156,0.06554992352,0.101985745,0.7838920273,0.008298367927,0.01885902442,0.01083162458
0.02964860403,0.01002828725,0.01061454619,0.8703728983,0.009944108305,0.06274895459,0.006642591991
0.04100481806,0.1238425647,0.06506364018,0.4483879374,0.1091867949,0.02454435543,0.1879699201
0.01671712167,0.01531436306,0.01278166599,0.5184959707,0.4000415929,0.01803536694,0.01861394495
0.01445502247,0.03717924867,0.01684003222,0.8817483266,0.02363765698,0.01142991447,0.01470980193
0.6113807946,0.2375881479,0.04633977719,0.04587792657,0.03091594164,0.01385080648,0.01404661456
0.006517824652,0.04559554444,0.01979198244,0.8814289979,0.02725226663,0.007489442995,0.01192398733
0.00740604626,0.02895080588,0.05160613716,0.8588886469,0.03138352053,0.01233449381,0.009430380784
0.02577628153,0.05421147847,0.07502935901,0.714174339,0.03434401998,0.08587543703,0.01058909976
0.02079696114,0.02112799489,0.1293562674,0.7613157903,0.03816129285,0.01491443829,0.0143272773
0.05099296582,0.005483848277,0.07972945893,0.2089529379,0.6021460644,0.04149961758,0.01119507864
0.01105621122,0.02085954804,0.9047327191,0.01597986716,0.01460636215,0.02029580444,0.01246948737
0.09897637888,0.2695260529,0.01330845516,0.3154588309,0.2636394036,0.02459114664,0.01449971453
0.01372431755,0.02436819511,0.01846075074,0.9050332025,0.01610563223,0.01058099393,0.01172689852
0.0105346224,0.02223858875,0.9079217453,0.01362328367,0.01026161264,0.009026608538,0.02639354406
0.03032865719,0.0420648641,0.4388428186,0.4428859006,0.0108677535,0.01768655735,0.01732348672
0.01936314903,0.07381006836,0.1331282364,0.3564931108,0.3700157343,0.02743984129,0.01974982952
0.05627321165,0.04258321802,0.01440776918,0.7018554964,0.1157761569,0.04963702281,0.0194670983
0.05217646801,0.01847708137,0.4504402533,0.2852912143,0.1594824945,0.01884802655,0.01528442879
0.00667843133,0.34736361,0.4152491877,0.02879421789,0.03328764602,0.1556471798,0.01297975835
0.2206700643,0.04736338036,0.01045202662,0.6768550048,0.01386041642,0.01891028113,0.01188885882
0.009816164121,0.0414018035,0.6537850596,0.2049492179,0.01662087996,0.05991465666,0.013512192
0.01119744573,0.03264307892,0.02683593372,0.6826063968,0.2151256672,0.02501543468,0.006576021025
0.01162231346,0.02271844593,0.01509516597,0.9108334469,0.01284832031,0.0127662341,0.01411606725
0.02803622801,0.01492379313,0.06044237454,0.6189850219,0.09503041022,0.1717191529,0.01086303369
0.01519768633,0.03802917611,0.02975876191,0.1470737176,0.7185091342,0.03619696554,0.01523459036
0.02708754454,0.1289384719,0.05183292215,0.6249853774,0.1242493822,0.02688653665,0.016019755
0.0277671344,0.0192568127,0.4527699891,0.3841774906,0.08118060784,0.01917113838,0.01567683179
0.007965017528,0.0301305067,0.07261426907,0.8031394905,0.03848997139,0.03387526152,0.01378548427
0.008438018305,0.0218017238,0.181318468,0.7333556081,0.02796838961,0.01516181604,0.01195602301
0.06051632685,0.01996984586,0.006308497231,0.8655669426,0.03559738824,0.004810142658,0.007230919567
0.008123445477,0.01396907987,0.09098346015,0.7241997367,0.1419150256,0.005831748855,0.01497746232
0.01396358471,0.05371080771,0.02574781129,0.8804169178,0.006334403531,0.01130239994,0.008524091599
0.01617870256,0.01647780613,0.01332353116,0.8862516337,0.04754535323,0.007718889943,0.01250409885
0.02454928276,0.01698578018,0.1276722526,0.7481356931,0.05799680678,0.01193734208,0.01272282843
0.005563937317,0.1051430351,0.0336602532,0.5963424524,0.2136870019,0.03022496844,0.01537835348
0.02912404296,0.03417104176,0.01591483664,0.122689631,0.7682095122,0.01201168665,0.01787922969
0.01305993512,0.04499103166,0.01111527106,0.8939952254,0.01524095678,0.008231966801,0.01336560793
0.04007286743,0.02120735335,0.04451405828,0.8475075204,0.01737091658,0.01506827657,0.01425898551
0.007786306829,0.01745866973,0.007784849231,0.9248479791,0.02011402334,0.01179161018,0.0102165835
0.07168301596,0.09031588602,0.09993109976,0.6353349824,0.06908066568,0.01603780985,0.0176165164
0.02592565223,0.01240852959,0.08416276962,0.7676997382,0.04150774195,0.06045890253,0.00783664721
0.02675002568,0.01286360734,0.01047982681,0.8083322549,0.1196150192,0.01092807784,0.01103118284
0.01053678388,0.009953184628,0.04136274892,0.799825446,0.1096655347,0.01353849539,0.01511779228
0.03758868566,0.4191159459,0.3840765558,0.05015551609,0.04190383988,0.0468517704,0.02030767294
0.2604499278,0.01812366716,0.05595276771,0.5587128844,0.03471157253,0.05734251207,0.01470668057
0.0197410419,0.03379795087,0.02904809174,0.576998823,0.2922986921,0.02705631194,0.02105911414
0.1439914744,0.03749318475,0.01077874801,0.7681566094,0.007382350697,0.01556843806,0.01662917463
0.05271715486,0.04664911217,0.0312556099,0.04136757719,0.8002160411,0.01193356385,0.01586091803
0.3117323373,0.1679281681,0.02243242652,0.1419573315,0.3060886652,0.01960790832,0.03025319325
0.01761538758,0.01094361773,0.01158286602,0.0121504739,0.9197988848,0.01484207426,0.01306673522
0.0141760559,0.03446285302,0.01428053308,0.01899189165,0.889084554,0.01570040984,0.01330370442
0.1518886595,0.2923807029,0.01908973005,0.02523073178,0.4617919195,0.02875558673,0.02086268038
0.01195755753,0.06933439839,0.02082161813,0.02364840187,0.841271697,0.02302763674,0.009938724742
0.01449709296,0.01754655719,0.0166274564,0.02008802294,0.8930518893,0.01766093686,0.02052812458
0.01106193511,0.01101463655,0.01681134939,0.0184723531,0.9063781504,0.0181456698,0.01811587998
0.01012277255,0.05956874755,0.1283632423,0.01031482415,0.7618194732,0.01126063535,0.01855033421
0.3552326803,0.01765657476,0.01901528265,0.02822487668,0.5325976211,0.03181387593,0.01545906977
0.01557466757,0.03420589134,0.01663287077,0.05167674623,0.8327206595,0.03613915203,0.01305002741
0.1691333605,0.01556617867,0.009888661959,0.01418712036,0.76886636,0.01190568452,0.01045264702
0.1183034833,0.01810977283,0.02680093762,0.03177895776,0.7761930111,0.01315310602,0.0156607224
0.1922472445,0.0367605321,0.0143130059,0.02223585077,0.7091031406,0.01087612999,0.01446408564
0.05642932798,0.05665744364,0.06477277539,0.2071019451,0.5561063479,0.03253323875,0.02639892704
0.1269064457,0.7250318825,0.05428537287,0.04208471048,0.01422065602,0.02019255118,0.01727836604
0.212186439,0.05303481866,0.01261155322,0.01755727542,0.6646792408,0.01836873031,0.02156194859
0.2165772702,0.3122455609,0.04806486026,0.02538530021,0.351244171,0.01729143238,0.02919141409
0.1797445602,0.04766304366,0.01248211429,0.1175876729,0.6030774826,0.01683185578,0.02261328812
0.06583475047,0.06129828539,0.09245619095,0.1098671778,0.6102457621,0.03261520507,0.02768261162
0.3218425722,0.04716669556,0.01301061377,0.01546032245,0.5668653031,0.0154175553,0.02023695309
0.01516008703,0.08209231759,0.03468673266,0.02627700886,0.7925303187,0.02177231787,0.02748122539
0.01877908208,0.04199881346,0.02885608948,0.06890240549,0.8114645806,0.01252520204,0.01747381055
0.6405836617,0.09424220407,0.01801070383,0.02884947419,0.1808527074,0.01926610391,0.0181951417
0.2373528192,0.02670829717,0.121244709,0.5164737938,0.06623359957,0.01510623589,0.01688054135
0.1651489634,0.02916243057,0.01673486784,0.05043536472,0.7029985608,0.01745581208,0.01806403289
0.2792945866,0.54724634,0.01231260828,0.01566236132,0.1008355195,0.02632695369,0.01832160512
0.01558448258,0.05368403068,0.03315496575,0.01972793554,0.8461906737,0.01503320561,0.01662474406
0.02961207822,0.3082003815,0.01855481147,0.3745502288,0.232973551,0.01780567767,0.01830326005
0.004482155549,0.02943681544,0.01237804749,0.02132451411,0.9009236093,0.0121968016,0.01925805217
0.04077390573,0.1758101434,0.03378095422,0.04714275266,0.672015096,0.01126686346,0.01921027022
0.5322839113,0.1267123231,0.02277186531,0.116126778,0.1586545374,0.02621697819,0.01723359881
0.01432173346,0.0227638014,0.02426304712,0.03013075345,0.8727083039,0.01938865605,0.01642368224
0.1984835457,0.4685101386,0.06783521861,0.01496886328,0.2271708422,0.01050103172,0.01253034641
0.007053418212,0.02321190241,0.02319808603,0.01201693228,0.9026726025,0.01918847708,0.01265853181
0.4504017094,0.1292276789,0.02304083738,0.3602695195,0.01671277065,0.00923848352,0.01110900372
0.006068226164,0.02608859312,0.01027737457,0.03900069707,0.8706069282,0.02124048199,0.02671765898
0.1049851688,0.4973278912,0.01810735874,0.01786428551,0.3063837686,0.03730779101,0.01802373397
0.387262823,0.3746705412,0.01180076357,0.01053799944,0.1556535499,0.04475083845,0.01532350882
0.03208953013,0.008127669863,0.01470952294,0.02103581979,0.904603436,0.009967215815,0.009466871147
0.02210083951,0.009432078502,0.01364000741,0.01199434831,0.9160483382,0.01359747115,0.01318689759
0.04486764425,0.01382084469,0.01314609529,0.03773977466,0.85982123,0.01783929634,0.01276511363
0.1180893905,0.04245653611,0.05124803259,0.1597054317,0.5135736275,0.09256792491,0.02235903578
0.005753729211,0.0471559467,0.01509318003,0.01901323763,0.8762142784,0.01598623014,0.02078342831
0.003950535369,0.05225771808,0.01461089933,0.02044264786,0.8213591998,0.06567469714,0.02170433965
0.1243709662,0.01482035227,0.01911770535,0.02220384734,0.7683452599,0.03688850211,0.01425338008
0.008702035332,0.06794099152,0.01921430543,0.02286894164,0.8359737097,0.02926920889,0.01603084825
0.04324308649,0.004354605446,0.03934000939,0.02617141737,0.8565397326,0.01382824725,0.0165229227
0.06937656982,0.08236560134,0.05127342636,0.01852106855,0.7147268398,0.05022790378,0.01350859384
0.08477398436,0.06843381186,0.07419370272,0.5614458267,0.1578789651,0.02242590106,0.03084781616
0.1911681504,0.009605247822,0.01031050265,0.007973083045,0.760747258,0.0125209795,0.007674739537
0.007392166156,0.05056850012,0.02688100038,0.03254551065,0.8308938374,0.02536030787,0.02635861639
0.2202370667,0.01474503637,0.01348780783,0.02212438647,0.7017730916,0.01398357281,0.01364900781
0.2130041592,0.3402963921,0.02957718355,0.03295057571,0.3458513196,0.01615272568,0.02216765308
0.005883223857,0.1598597154,0.04727689579,0.01631920061,0.7391462508,0.02157931227,0.009935397513
0.1709574557,0.6313281938,0.0170346992,0.01922748935,0.1047466276,0.04052373445,0.01618179897
0.00735854732,0.09879752158,0.00532851005,0.01474775299,0.8512814477,0.01266751675,0.009818699701
0.00713630287,0.01593609431,0.03066475908,0.3200539535,0.597596082,0.01510970906,0.01350311912
0.05581165739,0.04454590438,0.0324539068,0.06122343891,0.7716790332,0.01525843802,0.01902763365
0.06294563474,0.01105441532,0.01586768457,0.03469736355,0.8434779342,0.01601286323,0.01594412586
0.01755841813,0.6156154712,0.01133010386,0.01422072836,0.3056702391,0.0191002716,0.01650472657
0.006280082923,0.01151804496,0.01149797655,0.01706044223,0.9301229449,0.0108589635,0.01266155684
0.01644283516,0.04738464034,0.008535187964,0.01033110651,0.8571405329,0.04800355491,0.0121620865
0.269474001,0.01581002285,0.008447471614,0.0400890273,0.6272653732,0.0252658089,0.01364830773
0.005830365917,0.3982304102,0.06515307846,0.01616036422,0.4719766744,0.01405603507,0.02859313083
0.02197441389,0.6070030609,0.01314394267,0.02890460241,0.2832017267,0.03287657633,0.01289570237
0.006467600408,0.009955560111,0.01451036248,0.01562309986,0.9272292747,0.0114020304,0.01481208834
0.01701759946,0.02497297287,0.01437545094,0.01321691981,0.901826208,0.01075590472,0.01783493569
0.5279847134,0.09675413432,0.01077804072,0.02371840356,0.3065425427,0.01526625225,0.01895593375
0.00567592133,0.02146391776,0.01158040637,0.01452755192,0.9145667324,0.01503492725,0.01715053094
0.05285952997,0.02433813324,0.01540419273,0.04143780219,0.8344840931,0.01715323974,0.01432294468
0.6385760198,0.1821709017,0.01029979045,0.02104633154,0.1222987072,0.01383890728,0.01176936172
0.01452735405,0.01968559217,0.01711891048,0.09931746131,0.8202247918,0.01590586217,0.01322005321
0.08087137026,0.03624647503,0.01130349166,0.04726469045,0.780989067,0.02613228201,0.01719263576
0.2426458834,0.07961890422,0.01931396405,0.02718615897,0.5972012204,0.01497546896,0.01905841324
0.01576746057,0.3392544553,0.01571540104,0.01762962222,0.5756034391,0.01357674076,0.02245292339
0.009298218264,0.08786908757,0.1098343469,0.03851783103,0.7136455244,0.02558610657,0.01524887917
0.07174954337,0.01948614301,0.01489407941,0.02665331759,0.8015586776,0.0457245037,0.01993377206
0.07721463981,0.07444827049,0.03680749221,0.03734102536,0.7404929785,0.01261033356,0.02108524584
0.01188175685,0.1589672174,0.02321411577,0.01921631592,0.5726880153,0.1007783685,0.1132541958
0.003620638141,0.007415055482,0.01435594669,0.02782995722,0.9214710463,0.01136917536,0.01393819689
0.01455247446,0.04346178589,0.02613048394,0.03042026441,0.8344618517,0.02369762797,0.0272755214
0.01605804604,0.02228083305,0.02135668379,0.3282910436,0.5665064005,0.02298116856,0.02252581018
0.004458538584,0.09191940862,0.02338653209,0.03651556764,0.7788038975,0.03018294187,0.03473310594
0.1490637249,0.2910377056,0.02295798749,0.0734677161,0.4300391414,0.0136697746,0.01976398132
0.04135721617,0.5123333106,0.02063093875,0.01977368743,0.3648541066,0.02300210569,0.01804857573
0.01316565454,0.02378268913,0.01991998397,0.03122911116,0.8662179436,0.02028605533,0.02539859834
0.04925455866,0.1360685405,0.02243074479,0.03638759072,0.7159872255,0.02252855202,0.01734278395
0.04759441524,0.6350751489,0.0178191178,0.01491552558,0.2479400483,0.01715073935,0.01950499061
0.03648742306,0.01267189574,0.02318767414,0.8925052954,0.01805001338,0.01072664498,0.006371054513
0.02140792318,0.01835592291,0.02058090406,0.1546007712,0.742480271,0.01841399533,0.02416021139
0.006961299651,0.0140881038,0.01327328713,0.03005711275,0.9059808196,0.01681290347,0.01282644798
0.005633686139,0.01884388574,0.0168131473,0.01564892547,0.9025858242,0.01984489529,0.02062957447
0.04245842046,0.01928612305,0.01912832241,0.02871905642,0.86025268,0.01192522028,0.01823009868
0.5360607805,0.2400203049,0.01328558119,0.1238391146,0.05694572073,0.01321400036,0.01663446384
0.02840589456,0.7682369622,0.02944043383,0.03215016134,0.1021458582,0.02148634686,0.01813434156
0.07514224628,0.07018390239,0.1062278828,0.166812694,0.5422739442,0.0196206977,0.01973864739
0.1145875139,0.2109128294,0.03584852687,0.03700409328,0.5737575053,0.01347493847,0.01441458924
0.1030824583,0.02068286959,0.0506019171,0.00953002066,0.7926499579,0.01263761991,0.01081514428
0.03327467321,0.07724299342,0.08569606954,0.03759899393,0.7296385505,0.01684832843,0.01970039701
0.01059796527,0.01414632225,0.02075101926,0.01998406222,0.9012748907,0.01621522323,0.01703051615
0.007114698834,0.04846008186,0.01419300807,0.0149052328,0.8867481821,0.009664701617,0.01891409202
0.007023778539,0.04102060979,0.07527709773,0.2285933572,0.583216814,0.01237685332,0.05249153826
0.006823499879,0.05841781294,0.02360895133,0.02591282332,0.7968718118,0.02651376992,0.06185131936
0.005410807416,0.01105710495,0.01389294288,0.01882927748,0.915690819,0.01565473121,0.0194643227
0.03125992767,0.03067385909,0.01276413341,0.0208887274,0.8724281433,0.01667924747,0.01530593724
0.02477708307,0.01064084467,0.01696078751,0.02129652803,0.8889243738,0.0174684442,0.01993191019
0.01163967739,0.01678703626,0.01291152595,0.02464945428,0.8967361354,0.02110570065,0.01617043806
0.06680555206,0.329326289,0.03396952404,0.008322856613,0.464388326,0.02753799441,0.06964947184
0.01198592173,0.01808806177,0.01802207715,0.01469306305,0.9060866449,0.01505754234,0.01606671603
0.003927000276,0.04107877753,0.01364770297,0.02119984463,0.8608227047,0.03704125352,0.02228277427
0.01450608829,0.009082422148,0.01317631229,0.01880585393,0.9183934915,0.01149952018,0.0145363327
0.2352478821,0.3279635132,0.0434839455,0.282789641,0.05815770746,0.02961259949,0.02274468588
0.1976468473,0.03891708519,0.01136133981,0.1035445283,0.6178662964,0.01126225745,0.01940159894
0.01520348482,0.02566997423,0.01976524068,0.03738625096,0.8748860721,0.01074947895,0.01633945644
0.03331960658,0.01407455206,0.5185327635,0.01325719633,0.3867057546,0.01596136403,0.01814874116
0.03620209836,0.03359300417,0.04564460432,0.05778698234,0.8003128991,0.01302983762,0.01343059601
0.01101995561,0.0105213122,0.02499297521,0.04061847005,0.8829939839,0.0120275676,0.01782572905
0.08981385756,0.7549142125,0.01379802938,0.05224647083,0.0183897054,0.05553684004,0.01530085232
0.198740065,0.3125886561,0.01300947566,0.01709414824,0.4188583545,0.01590990959,0.02379941559
0.1418047251,0.65090282,0.01908702012,0.01728670139,0.136082079,0.02336683274,0.01146989686
0.02533877276,0.2576615677,0.2111297204,0.01716585155,0.4518963739,0.0174769948,0.01933073444
0.07956171313,0.1208545658,0.02572273959,0.03063097368,0.6970689384,0.01954350214,0.02661756573
0.005708774789,0.006625786823,0.01178824683,0.01526859275,0.9352447442,0.009530422181,0.01583348359
0.00712356152,0.02435516905,0.02432502656,0.1620113629,0.7305475673,0.03292924423,0.01870816456
0.007071642502,0.0233103481,0.01192216361,0.01480717411,0.9146653812,0.0143860094,0.01383730929
0.08130620553,0.06172323122,0.1103417448,0.07253759007,0.5920183326,0.06633488207,0.015738015
0.1051128379,0.05786680342,0.009170862187,0.02785425919,0.7604548216,0.02669642124,0.01284397012
0.3490410827,0.09301129958,0.01193939066,0.01441507167,0.4955880587,0.01485635693,0.02114874334
0.02260776918,0.01768115153,0.01086884824,0.02022356357,0.8930805992,0.02120340089,0.01433465329
0.01157894271,0.03193543122,0.02651962808,0.03129426708,0.8585109975,0.02442172428,0.01573899707
0.1084074907,0.4930894042,0.04489912197,0.02197006323,0.2421495145,0.07760205567,0.011882373
0.005482403872,0.05199987794,0.009851874246,0.01885912473,0.8810019498,0.01916928495,0.01363546039
0.01998659687,0.02134661237,0.01312087323,0.01687790926,0.8972847979,0.01728911728,0.01409409088
0.01139837116,0.0791229419,0.01533177497,0.08852742139,0.7629870548,0.02589727228,0.01673514088
0.007673875599,0.04983757028,0.0210606455,0.06908119605,0.7761598693,0.05537954968,0.02080729467
0.02466210554,0.03731811777,0.02608605688,0.06246106653,0.8007961774,0.03044345092,0.01823303028
0.007384058953,0.01279131658,0.61712194,0.06616474329,0.2648838141,0.01144495585,0.0202092116
0.008319304937,0.02422706886,0.02211938994,0.01730253015,0.8951818808,0.01346935592,0.01938046293
0.03349158521,0.5444465391,0.02243480307,0.03075881424,0.257275212,0.09615346675,0.01543959809
0.129995449,0.3361509891,0.0262149953,0.06257812199,0.4134412688,0.01513270678,0.01648647574
0.1287062293,0.04553665651,0.03067396362,0.6179627922,0.1337983891,0.02194683159,0.02137513553
0.008665709414,0.03127069268,0.01255051419,0.02635249617,0.888182502,0.01676530115,0.01621276754
0.00977234288,0.02072255201,0.01759824755,0.0151793294,0.916507723,0.00811719768,0.01210263278
0.04861040586,0.1270392798,0.02138744803,0.03159479331,0.6688995087,0.07906770934,0.02340079998
0.08723311411,0.0148067101,0.009374878899,0.0148659555,0.8408051461,0.01810128899,0.01481286209
0.006821830256,0.0424423193,0.01154047878,0.01597567741,0.896899722,0.01280993173,0.01351010609
0.02458855191,0.07495794263,0.03033511935,0.2809950211,0.5458720121,0.03111876903,0.01213259439
0.05845069533,0.04723956282,0.008698486638,0.2603250939,0.5971908589,0.01181693727,0.01627840639
0.09642933528,0.02789523957,0.01053949713,0.03100790241,0.798736184,0.01813416144,0.01725767844
0.05069335918,0.1973001405,0.0163343607,0.02450449832,0.6723806101,0.0167556093,0.02203140865
0.09402237697,0.02706687054,0.01605946668,0.01771885796,0.8104498123,0.0154641768,0.01921841244
0.03623868925,0.0617280199,0.02631081599,0.05081882069,0.6559796203,0.1391950978,0.02972891564
0.07093846751,0.1522836759,0.05498484632,0.1411210499,0.47060306,0.08904495181,0.02102398369
0.2416973289,0.6354560699,0.009359558081,0.01509768394,0.07443944092,0.01084588057,0.01310402211
0.02786051237,0.1424193462,0.01807651426,0.0209381198,0.7506744289,0.02759921881,0.0124319046
0.04119474363,0.06525428854,0.02000235831,0.02641300697,0.8168617333,0.0151821039,0.0150916967
0.01021495935,0.05325328557,0.01871735272,0.02526875207,0.8470147824,0.02102069338,0.02451017454
0.07796919625,0.1897764434,0.01954731564,0.1523060812,0.5231993584,0.01400544737,0.02319616029
0.009440957301,0.01660151932,0.01081856655,0.01729859591,0.904710998,0.02819195746,0.01293747115
0.009167986529,0.0129204718,0.02622510435,0.00630015549,0.9046565101,0.02971940839,0.01101031041
0.07717985759,0.05589628822,0.05728392973,0.2145184659,0.5550540493,0.02568486027,0.01438259127
0.007702102025,0.01946025885,0.0158391093,0.01433166598,0.9199326862,0.01128934424,0.01144481749
0.1009998655,0.08113920441,0.3372365599,0.0296095401,0.4184872262,0.01607252884,0.01645504924
0.006775056592,0.02405764523,0.03009351535,0.02220059864,0.8829151407,0.0136082117,0.0203498009
0.007297068826,0.08917995212,0.009409082214,0.03482258209,0.8265063091,0.0195082349,0.01327677708
0.00340760726,0.0911503202,0.2506099888,0.09081263228,0.41875566,0.02146697437,0.1237968749
0.0762978817,0.01210418443,0.01877852013,0.1947420802,0.670650654,0.0116185318,0.015808176
0.04888597957,0.09911663865,0.3483994116,0.01106084052,0.4415563708,0.01675454613,0.0342262177
0.01117588548,0.01286667175,0.01394774773,0.01757613226,0.9179760848,0.01372079085,0.01273668475
0.008737511512,0.01498817709,0.02202594243,0.01952144364,0.9083197781,0.01189152544,0.01451561862
0.01464932038,0.03591079826,0.02911039099,0.5752279323,0.3161594778,0.01387043754,0.01507163541
0.1113054626,0.0398741,0.02006074206,0.01800322698,0.7799010324,0.01635857619,0.01449684424
0.003397562867,0.01782398442,0.01032201289,0.008692476267,0.9380774307,0.01058564181,0.01110091664
0.02635366414,0.1032941076,0.04276287477,0.1030247159,0.5266473273,0.1768388589,0.02107850491
0.01185181935,0.02239632236,0.0179468863,0.02152191016,0.8891671548,0.01513135232,0.02198450186
0.01089115932,0.02661456331,0.1079838016,0.04243182363,0.7648779232,0.03425571391,0.01294502012
0.00569820506,0.01004192195,0.0169736507,0.04054696316,0.8937833246,0.01905160267,0.01390438517
0.00409081343,0.05758605348,0.08574856505,0.03197813849,0.7965742383,0.01200786267,0.01201431803
0.01168918886,0.01250984392,0.01442679367,0.01336654972,0.9172501724,0.01581047029,0.01494695334
0.2170330611,0.03710341745,0.007878467796,0.0160355314,0.6921609647,0.01226315528,0.0175253646
0.3133773477,0.02288453149,0.017959162,0.009988126315,0.6065924661,0.01288183209,0.01631652234
0.4021986824,0.06124102362,0.03080008751,0.1051971607,0.3673505356,0.01573948753,0.01747301774
0.01333328494,0.07964197836,0.01392160687,0.01853268771,0.839661777,0.01622803722,0.01868061416
0.2334114887,0.0457837365,0.0574738081,0.03209547466,0.5989254135,0.01092831057,0.0213817343
0.03596665521,0.1682728393,0.01900550624,0.02036952976,0.7193653856,0.01770026567,0.01931977939
0.06771065788,0.3832618093,0.02589481007,0.01742562089,0.4552179963,0.02049643191,0.02999264067
0.06053692789,0.03335744829,0.01840512785,0.01871400301,0.8376743566,0.01390588598,0.01740628144
0.7563904403,0.01510494058,0.01806159607,0.01740307176,0.1594565995,0.01941027321,0.01417309167
0.171769312,0.07096845465,0.0180262838,0.02293826823,0.6767317563,0.01579807335,0.02376790176
0.04965772551,0.05935313047,0.01420346618,0.01274400942,0.8303636266,0.01511051269,0.01856751938
0.006285253907,0.03796607583,0.116781535,0.04226827468,0.7634946884,0.01738725806,0.01581692007
0.02063678333,0.159091152,0.01546076647,0.009073271658,0.7688213832,0.01708604308,0.009830583978
0.03023428321,0.023063148,0.03769296735,0.06457099766,0.8055121239,0.01900139523,0.01992509443
0.1608742068,0.1343657916,0.03407712293,0.05091701318,0.5811702368,0.0166635981,0.02193201001
0.005850888914,0.04655885249,0.01886542055,0.01409050942,0.8879332448,0.01383431899,0.01286673142
0.01151080204,0.0270558129,0.02020481305,0.02952189939,0.8609140172,0.01881606281,0.03197658605
0.09523673609,0.02410745177,0.01429110088,0.01983182516,0.8030509646,0.0193896365,0.02409232701
0.09634315453,0.08527780639,0.01523216871,0.06034755184,0.6532095181,0.06845832931,0.02113142297
0.3274835968,0.2819002736,0.02894906072,0.02871474007,0.2945374237,0.01941113116,0.01900377226
0.01389962437,0.04329368599,0.01885153725,0.03386786028,0.8406588627,0.02051475869,0.02891365476
0.01754970783,0.02192723055,0.01772721578,0.01738181881,0.8819601301,0.02060422219,0.0228497469
0.0470707127,0.02119411327,0.0108036809,0.01202233696,0.8839533551,0.009301539562,0.01565425793
0.4918613973,0.02489371537,0.008248623768,0.02134659676,0.4166783993,0.02497091089,0.01200039784
0.02892388171,0.04694024427,0.01529984256,0.01856070219,0.8566493257,0.01728912563,0.01633688524
0.4159562232,0.06658460868,0.02974492042,0.08942924276,0.3602097857,0.01963105142,0.01844417902
0.02851035884,0.01304480372,0.01663777794,0.02291268734,0.8928414949,0.009887757715,0.01616511512
0.0838513441,0.06296683988,0.01400122828,0.01908625149,0.791060768,0.01319909506,0.01583449921
0.02858373159,0.04643203626,0.01684363218,0.0135957462,0.8578465221,0.01700991549,0.01968845026
0.04086657355,0.09577285461,0.0168065716,0.02166999873,0.7913759751,0.01504602381,0.01846198364
0.03217738803,0.01777047841,0.01542342452,0.0309073984,0.8700443342,0.01458356797,0.01909342102
0.004945319622,0.0218378328,0.01051954808,0.01632355955,0.9218348555,0.01293858797,0.01160025694
0.04803580285,0.08536104759,0.05574875086,0.02211249697,0.7413268518,0.02406026049,0.02335479856
0.04458674127,0.018465462,0.03991052383,0.03100179331,0.8325528116,0.01173168059,0.02175098887
0.02242037575,0.01125591327,0.03709986927,0.01898629269,0.8771186796,0.01538845471,0.01773042765
0.1882868073,0.5076249412,0.01295570225,0.0123632996,0.2494832186,0.01334913289,0.01593692003
0.004259552926,0.02035922866,0.03149870183,0.02717559247,0.8918521842,0.01245990266,0.01239484134
0.1349234468,0.2238502014,0.01228353308,0.01338011785,0.5731935664,0.02084967282,0.02151947489
0.03474626591,0.01466132797,0.01432450708,0.02431369289,0.878451255,0.01873490111,0.01476808198
0.01782617626,0.02493785055,0.01563781997,0.02585157832,0.8848928344,0.01500959822,0.01584419022
0.3381008665,0.04248104836,0.01151414564,0.06382826485,0.5086331469,0.01627863977,0.01916386221
0.04526588519,0.0417026272,0.01622977122,0.01979547989,0.8370264838,0.01944339294,0.02053638963
0.01589837864,0.1970527591,0.01758036639,0.01660029744,0.7146895977,0.01832312479,0.01985545864
0.006601347754,0.01975888791,0.02085579795,0.0169983723,0.8667912289,0.05180017926,0.01719419675
0.01191854345,0.05747001778,0.01905239735,0.02026750694,0.8612787929,0.01347173595,0.01654105527
0.09941868072,0.4793169875,0.2527524247,0.01969791877,0.1113480642,0.01367487718,0.02379104462
0.267412607,0.01167371293,0.01212724845,0.04747236539,0.6347474064,0.01264755786,0.01391912068
0.0169862989,0.02134644879,0.174524894,0.01689617869,0.7425550582,0.01326059815,0.01443057912
0.1364656869,0.138661346,0.02466781837,0.01672580626,0.6462655838,0.02001034992,0.01720337787
0.07886321613,0.3644857987,0.02247545906,0.05100998118,0.4536762073,0.01559976793,0.01388954795
0.01055127754,0.04542946011,0.0203137218,0.02438807186,0.8744585022,0.01355061936,0.0113083062
0.04903825538,0.03236159508,0.02344066866,0.01667887063,0.8430133916,0.01229461772,0.02317256275
0.5034199833,0.1004531539,0.01339611673,0.02138708148,0.3225635826,0.01493732496,0.02384275316
0.005638553683,0.04138858647,0.01262233083,0.01762071522,0.8962129823,0.0107918097,0.01572498441
0.007531005403,0.02055014877,0.009219136058,0.01345138521,0.9215831138,0.01347317931,0.01419204923
0.01295239032,0.04187750807,0.01254544304,0.01865401348,0.8920704809,0.00897372533,0.01292651863
0.08165704957,0.01475975953,0.2347829708,0.01079682981,0.6155699475,0.02937327052,0.01306021373
0.0171721163,0.01785094249,0.1384816879,0.03306552063,0.7767619979,0.009346997193,0.007320729704
0.8398068137,0.05074142537,0.0083471019,0.04015032062,0.02003754927,0.01843304448,0.02248377064
0.05232065233,0.03412937658,0.01889028127,0.03125231218,0.8168254215,0.01797051128,0.02861142159
0.02472273559,0.2716907746,0.1340354099,0.03210758163,0.2634762925,0.2562704064,0.01769674884
0.03336903656,0.01463962765,0.008705960908,0.01475047251,0.9042440323,0.01292924773,0.01136161155
0.02583920678,0.01386896396,0.03676358063,0.0152974094,0.8748690669,0.01619894816,0.01716285247
0.008599391781,0.2652324421,0.01976144015,0.009658016895,0.6681623534,0.01335796345,0.01522838202
0.007374450765,0.02328259101,0.01479787808,0.01385148162,0.9082111567,0.01411058983,0.01837190505
0.02437065841,0.1257508099,0.01345001969,0.1263542717,0.663495964,0.02056725335,0.02601101981
0.06390209757,0.06865043137,0.02605190285,0.01143658652,0.7442635324,0.07660249861,0.009092971715
0.04198986889,0.2839792625,0.02066202557,0.02472538282,0.5890611643,0.02126417953,0.01831807114
0.04570090664,0.01650794856,0.07830585196,0.00772496231,0.820829037,0.01326492937,0.01766636568
0.0483709672,0.4064378626,0.02651932425,0.02314511934,0.4309792235,0.01629914928,0.04824830335
0.1491543512,0.03810207683,0.01181104142,0.01127269494,0.7261474371,0.04673798507,0.01677440686
0.005298366661,0.08297579723,0.01400611077,0.02115649835,0.8402290212,0.01811277804,0.01822140006
0.005118654934,0.01682681656,0.01504540493,0.02916935107,0.8952672075,0.02027606643,0.01829646097
0.0144577782,0.02994198157,0.02766087728,0.03227462756,0.8492162975,0.02842339091,0.01802505956
0.005228017204,0.04256384019,0.01568076426,0.01690145624,0.890578333,0.01539850427,0.01364905731
0.01004985755,0.1756213141,0.5796679907,0.0188890325,0.1642413998,0.02073078715,0.03079961777
0.1131099538,0.1487731369,0.02480510277,0.02326994288,0.6542977601,0.02184787068,0.01389622111
0.04149217643,0.282969731,0.02804185493,0.1894191758,0.3985571381,0.02210142596,0.03741848485
0.3149541528,0.1191637738,0.02445143955,0.02635990152,0.4926664138,0.008907755255,0.01349652264
0.1469153343,0.488114523,0.06531165516,0.02580202479,0.2306948802,0.0161896139,0.02697196839
0.1490046039,0.0616307388,0.1010064676,0.0640691972,0.5819708464,0.01551247588,0.02680565185
0.2617666251,0.03363583501,0.14182895,0.009545368776,0.5238631498,0.01577087176,0.0135892378
0.3450385276,0.01304645224,0.02029883427,0.0132685387,0.5783905979,0.01597352822,0.01398350284
0.01844737182,0.03594408325,0.6531954203,0.01854665462,0.2341997811,0.01504594926,0.02462072943
0.0175437665,0.1535463468,0.01011591559,0.0263251932,0.7160137298,0.01579639147,0.06065859876
0.01987204974,0.1444296368,0.01971930971,0.01313223929,0.7807025236,0.01018331207,0.01196089963
0.177310482,0.05854907499,0.01479583613,0.02659350363,0.687470909,0.01533438564,0.01994585113
0.02345701072,0.03436065896,0.08176428837,0.08112862191,0.7472036921,0.015683087,0.01640262117
0.06379032088,0.05772141856,0.01079768924,0.02986039227,0.8087815009,0.01818895247,0.01085973033
0.007575611267,0.02005927459,0.03827190523,0.01058596613,0.01372076919,0.875196887,0.03458959548
0.01270369701,0.02980107235,0.2119474718,0.6055605493,0.09006060461,0.03879519942,0.01113145447
0.007349295834,0.1147880877,0.02861835587,0.1326844048,0.05140702033,0.6508936331,0.01425917007
0.01954905131,0.0269020195,0.0254973412,0.007340181466,0.02305145856,0.8895220587,0.008137883246
0.06933048634,0.02882970753,0.01715889602,0.008046821427,0.1596924456,0.7046382213,0.01230344127
0.009622447329,0.1167924166,0.0124107683,0.0144665681,0.01243277087,0.8227669072,0.01150807833
0.01606127994,0.2613157773,0.01312232429,0.01278059239,0.2745520817,0.3977785591,0.02438938905
0.02058077159,0.02725316835,0.2839381283,0.01348084895,0.0169920351,0.6210331238,0.01672191993
0.03863534979,0.1601421419,0.1258325261,0.4228924781,0.009926450159,0.2261619648,0.01640910919
0.008610315147,0.02521070435,0.2570435245,0.140390289,0.2661391889,0.2868422889,0.01576368645
0.008938978558,0.05047623666,0.03056309724,0.01598891639,0.007452624594,0.8601719288,0.02640818454
0.01186068471,0.03608268788,0.01489641254,0.0171333653,0.1345165435,0.772430819,0.01307943476
0.01128239085,0.1002867569,0.01849944825,0.01649126264,0.02518808692,0.8006662432,0.02758579888
0.4157807437,0.1056833048,0.02644820779,0.0157433858,0.009115183683,0.4143143527,0.01291480928
0.008172020341,0.01689300205,0.01231667676,0.006414019699,0.006641158392,0.9390046989,0.01055838697
0.01053326694,0.01475292207,0.01608417919,0.005474229052,0.01926508629,0.924556831,0.009333452015
0.03563920511,0.02659965656,0.01522575069,0.01482757475,0.01338110187,0.8857718279,0.008554842013
0.2710591386,0.04847048342,0.01212892047,0.02323997913,0.1871239155,0.4477076232,0.01026999404
0.01066021337,0.03416845016,0.01594429103,0.01021782396,0.01709384169,0.8998154893,0.01209987251
0.1448243177,0.04483220821,0.01485614797,0.01668183336,0.01754847221,0.7483644196,0.01289258977
0.01115498362,0.03502730536,0.01116158007,0.00779587852,0.01017332111,0.9150542584,0.009632669363
0.01684791741,0.1963007796,0.2043461779,0.1977044928,0.1506925324,0.2197141527,0.01439395647
0.004943670842,0.02645868777,0.01672534309,0.01137277659,0.01136411632,0.9206503567,0.008485050249
0.007531545166,0.02590156466,0.01049473198,0.01015032804,0.01153970481,0.9257169219,0.008665230829
0.008707227157,0.02296761803,0.01020396686,0.01722604525,0.01867003492,0.9104340355,0.01179106183
0.01045809318,0.2458303054,0.01560653127,0.01644123649,0.0626723138,0.6315706887,0.01742086827
0.01769660801,0.4745854691,0.1795056226,0.01046560202,0.005567424287,0.265351612,0.04682761174
0.0261789905,0.03211932893,0.03065533323,0.009770939781,0.01816770087,0.8727985349,0.01030907989
0.01911124242,0.05892765746,0.02770144155,0.644863903,0.03484948456,0.205268532,0.009277722104
0.02057791073,0.08285255199,0.02496373099,0.01071323342,0.04272943852,0.8105186728,0.007644453577
0.01618542243,0.01245591145,0.01028388152,0.008355641812,0.01049406814,0.9327316844,0.009493406874
0.007137929528,0.02071471575,0.02770478219,0.1262364522,0.04478245675,0.7639328138,0.009490855005
0.01007482224,0.02470694376,0.01088788709,0.009574945641,0.01439619708,0.01243271983,0.9179265258
0.01251249707,0.04820759357,0.04067467318,0.01322438108,0.01313225753,0.01359273481,0.8586558511
0.009339800173,0.03704408868,0.01211747039,0.008648548421,0.01265850778,0.01243092861,0.9077606766
0.01357224342,0.04185306172,0.01154285549,0.00995714326,0.01454888839,0.01440529401,0.8941205606
0.009574970523,0.03084254296,0.01347777209,0.01102967551,0.01314241462,0.01132279025,0.9106098241
0.007755129618,0.04813707153,0.01795230396,0.0158100946,0.02056467464,0.01742980379,0.8723508697
0.009641888882,0.04304888551,0.01322161848,0.01172960682,0.01301626317,0.01668546996,0.89265624
0.01038453814,0.01980574466,0.01933124573,0.01391183568,0.01292394939,0.01481534296,0.9088273985
0.00672196837,0.02810825301,0.01537253417,0.01443203262,0.015413665,0.01370747313,0.9062440697
0.009022667782,0.01835638948,0.009585670198,0.009664536679,0.01551470569,0.01005778949,0.927798273
0.01263574942,0.03460956148,0.01709701656,0.01032209385,0.01474864187,0.01293737455,0.8976495685
0.009373373993,0.07196026865,0.02662457555,0.01775308475,0.0205935918,0.01628231419,0.837412749
0.03105463793,0.06541842587,0.0468932336,0.01492937173,0.01444725622,0.06849222342,0.7587648072
0.01045351174,0.01894215471,0.01641818488,0.0130198028,0.01549880761,0.01456021326,0.9111072911
0.007847109865,0.02511437911,0.02441047559,0.01230199132,0.01422817409,0.01110868176,0.904989172
0.01201721207,0.02926992536,0.02022826386,0.01579126718,0.0209159509,0.0171354042,0.8846420075
0.02021017087,0.0207208936,0.01741584882,0.01353303226,0.01695164373,0.01017954009,0.9009888776
0.02431199559,0.1959571682,0.1731020888,0.009262075423,0.08369774396,0.05809941171,0.4555695464
0.04382309912,0.02716453127,0.02360341396,0.01636966768,0.01458702491,0.01440237826,0.8600498318
0.05654323288,0.0144872637,0.01233936436,0.0174151947,0.01259473602,0.009767837823,0.8768524272
0.01258591826,0.01528830747,0.01692213147,0.02285462123,0.008952682603,0.00650646001,0.9168899191
0.0172464773,0.01094718595,0.01634384361,0.01862434522,0.005398633072,0.004530050086,0.9269094618
0.01373082603,0.03774719593,0.01970207067,0.01681481056,0.01469331696,0.01511566806,0.8821961801
0.01946385567,0.02266815794,0.01164263545,0.01637918652,0.02285372075,0.01645432768,0.8905381567
0.01263482178,0.01917744333,0.01429778138,0.009405185658,0.01530899243,0.01726643905,0.9119093104
0.01376462704,0.01641365287,0.01476014536,0.01514624707,0.01153572013,0.01108931228,0.917290301
0.008024321677,0.03147954796,0.01118288046,0.01337448862,0.01299646512,0.01182178151,0.9111205075
0.01158615887,0.01843079709,0.03157088514,0.01445196725,0.01247276688,0.01365886666,0.8978286004
0.04350276438,0.03823019902,0.03847730276,0.0195636879,0.02049131259,0.02115570862,0.8185790535
0.03352636362,0.07081661025,0.02197699835,0.0281268584,0.0191750903,0.018423007,0.8079550798
0.03573987462,0.1969132843,0.06558366897,0.02494691176,0.03455921198,0.01237335487,0.6298836927
0.02690448176,0.0638986688,0.06844627639,0.02486648304,0.2340471723,0.03869683619,0.5431401129
0.02003168579,0.03513462681,0.02058891552,0.01495973327,0.0177801019,0.03250139036,0.8590035636
0.01361878202,0.08939733565,0.01660895432,0.01455462736,0.03702857665,0.01409592986,0.8146957679
0.009505106836,0.02051322306,0.01444677175,0.01115394497,0.009717448484,0.009859705004,0.9248037762
0.0907280633,0.07871192589,0.03267720344,0.01657143868,0.02349619818,0.01877441476,0.7390407202
